[{"model": "admin.logentry", "pk": 1, "fields": {"action_time": "2024-09-07T13:13:25.092Z", "user": 1, "content_type": 7, "object_id": "1", "object_repr": "Hero object (1)", "action_flag": 1, "change_message": "[{\"added\": {}}]"}}, {"model": "admin.logentry", "pk": 2, "fields": {"action_time": "2024-09-07T13:13:27.409Z", "user": 1, "content_type": 7, "object_id": "2", "object_repr": "Hero object (2)", "action_flag": 1, "change_message": "[{\"added\": {}}]"}}, {"model": "admin.logentry", "pk": 3, "fields": {"action_time": "2024-09-07T13:15:23.106Z", "user": 1, "content_type": 7, "object_id": "3", "object_repr": "Juggernaut", "action_flag": 1, "change_message": "[{\"added\": {}}]"}}, {"model": "admin.logentry", "pk": 4, "fields": {"action_time": "2024-09-07T13:15:46.991Z", "user": 1, "content_type": 8, "object_id": "1", "object_repr": "Build object (1)", "action_flag": 1, "change_message": "[{\"added\": {}}]"}}, {"model": "admin.logentry", "pk": 5, "fields": {"action_time": "2024-09-07T13:29:07.554Z", "user": 1, "content_type": 8, "object_id": "1", "object_repr": "Build object (1)", "action_flag": 2, "change_message": "[]"}}, {"model": "admin.logentry", "pk": 6, "fields": {"action_time": "2024-09-07T13:29:17.776Z", "user": 1, "content_type": 8, "object_id": "2", "object_repr": "Build object (2)", "action_flag": 1, "change_message": "[{\"added\": {}}]"}}, {"model": "admin.logentry", "pk": 7, "fields": {"action_time": "2024-09-07T13:36:53.531Z", "user": 1, "content_type": 8, "object_id": "3", "object_repr": "Axe. Build id 3 ", "action_flag": 1, "change_message": "[{\"added\": {}}]"}}, {"model": "admin.logentry", "pk": 8, "fields": {"action_time": "2024-09-12T17:33:58.627Z", "user": 1, "content_type": 7, "object_id": "2", "object_repr": "Abadon", "action_flag": 2, "change_message": "[{\"changed\": {\"fields\": [\"Img\"]}}]"}}, {"model": "admin.logentry", "pk": 9, "fields": {"action_time": "2024-09-12T19:26:29.230Z", "user": 1, "content_type": 7, "object_id": "2", "object_repr": "Abadon", "action_flag": 2, "change_message": "[{\"changed\": {\"fields\": [\"Img\"]}}]"}}, {"model": "admin.logentry", "pk": 10, "fields": {"action_time": "2024-09-12T19:27:30.565Z", "user": 1, "content_type": 7, "object_id": "2", "object_repr": "Abadon", "action_flag": 2, "change_message": "[{\"changed\": {\"fields\": [\"Img\"]}}]"}}, {"model": "admin.logentry", "pk": 11, "fields": {"action_time": "2024-09-12T19:27:55.021Z", "user": 1, "content_type": 7, "object_id": "2", "object_repr": "Abadon", "action_flag": 2, "change_message": "[{\"changed\": {\"fields\": [\"Img\"]}}]"}}, {"model": "admin.logentry", "pk": 12, "fields": {"action_time": "2024-09-15T09:25:09.134Z", "user": 1, "content_type": 7, "object_id": "2", "object_repr": "Abadon", "action_flag": 2, "change_message": "[{\"changed\": {\"fields\": [\"Img\"]}}]"}}, {"model": "admin.logentry", "pk": 13, "fields": {"action_time": "2024-09-15T11:28:57.993Z", "user": 1, "content_type": 7, "object_id": "2", "object_repr": "Abadon", "action_flag": 2, "change_message": "[{\"changed\": {\"fields\": [\"Attribute\"]}}]"}}, {"model": "admin.logentry", "pk": 14, "fields": {"action_time": "2024-09-15T11:29:46.050Z", "user": 1, "content_type": 7, "object_id": "7", "object_repr": "Arc warden", "action_flag": 2, "change_message": "[{\"changed\": {\"fields\": [\"Attribute\"]}}]"}}, {"model": "admin.logentry", "pk": 15, "fields": {"action_time": "2024-09-15T11:30:26.559Z", "user": 1, "content_type": 7, "object_id": "4", "object_repr": "Dark Willow", "action_flag": 2, "change_message": "[{\"changed\": {\"fields\": [\"Attribute\"]}}]"}}, {"model": "admin.logentry", "pk": 16, "fields": {"action_time": "2024-09-15T11:30:32.173Z", "user": 1, "content_type": 7, "object_id": "3", "object_repr": "Juggernaut", "action_flag": 2, "change_message": "[{\"changed\": {\"fields\": [\"Attribute\"]}}]"}}, {"model": "admin.logentry", "pk": 17, "fields": {"action_time": "2024-09-15T11:30:39.071Z", "user": 1, "content_type": 7, "object_id": "6", "object_repr": "New hero 1", "action_flag": 3, "change_message": ""}}, {"model": "admin.logentry", "pk": 18, "fields": {"action_time": "2024-09-15T11:30:39.071Z", "user": 1, "content_type": 7, "object_id": "5", "object_repr": "tmp", "action_flag": 3, "change_message": ""}}, {"model": "admin.logentry", "pk": 19, "fields": {"action_time": "2024-09-15T11:31:00.005Z", "user": 1, "content_type": 7, "object_id": "8", "object_repr": "Axe", "action_flag": 2, "change_message": "[{\"changed\": {\"fields\": [\"Attribute\"]}}]"}}, {"model": "admin.logentry", "pk": 20, "fields": {"action_time": "2024-09-15T11:34:39.832Z", "user": 1, "content_type": 7, "object_id": "2", "object_repr": "Abadon", "action_flag": 2, "change_message": "[{\"changed\": {\"fields\": [\"Img\"]}}]"}}, {"model": "admin.logentry", "pk": 21, "fields": {"action_time": "2024-09-15T11:35:37.993Z", "user": 1, "content_type": 7, "object_id": "2", "object_repr": "Abaddon", "action_flag": 2, "change_message": "[{\"changed\": {\"fields\": [\"Name\", \"Attribute\", \"Img\"]}}]"}}, {"model": "admin.logentry", "pk": 22, "fields": {"action_time": "2024-09-15T11:35:54.099Z", "user": 1, "content_type": 7, "object_id": "8", "object_repr": "Axe", "action_flag": 2, "change_message": "[{\"changed\": {\"fields\": [\"Img\"]}}]"}}, {"model": "admin.logentry", "pk": 23, "fields": {"action_time": "2024-09-15T11:37:43.931Z", "user": 1, "content_type": 7, "object_id": "2", "object_repr": "Abaddon", "action_flag": 2, "change_message": "[{\"changed\": {\"fields\": [\"Img\"]}}]"}}, {"model": "admin.logentry", "pk": 24, "fields": {"action_time": "2024-09-15T11:37:54.059Z", "user": 1, "content_type": 7, "object_id": "8", "object_repr": "Axe", "action_flag": 2, "change_message": "[{\"changed\": {\"fields\": [\"Img\"]}}]"}}, {"model": "admin.logentry", "pk": 25, "fields": {"action_time": "2024-09-15T11:40:17.370Z", "user": 1, "content_type": 7, "object_id": "2", "object_repr": "Abaddon", "action_flag": 2, "change_message": "[{\"changed\": {\"fields\": [\"Img\"]}}]"}}, {"model": "admin.logentry", "pk": 26, "fields": {"action_time": "2024-09-15T11:40:27.749Z", "user": 1, "content_type": 7, "object_id": "7", "object_repr": "Arc warden", "action_flag": 2, "change_message": "[{\"changed\": {\"fields\": [\"Img\"]}}]"}}, {"model": "admin.logentry", "pk": 27, "fields": {"action_time": "2024-09-15T11:40:39.658Z", "user": 1, "content_type": 7, "object_id": "8", "object_repr": "Axe", "action_flag": 2, "change_message": "[{\"changed\": {\"fields\": [\"Img\"]}}]"}}, {"model": "admin.logentry", "pk": 28, "fields": {"action_time": "2024-09-15T11:40:49.931Z", "user": 1, "content_type": 7, "object_id": "4", "object_repr": "Dark Willow", "action_flag": 2, "change_message": "[{\"changed\": {\"fields\": [\"Img\"]}}]"}}, {"model": "admin.logentry", "pk": 29, "fields": {"action_time": "2024-09-15T11:40:58.220Z", "user": 1, "content_type": 7, "object_id": "3", "object_repr": "Juggernaut", "action_flag": 2, "change_message": "[{\"changed\": {\"fields\": [\"Img\"]}}]"}}, {"model": "admin.logentry", "pk": 30, "fields": {"action_time": "2024-09-15T11:42:04.534Z", "user": 1, "content_type": 7, "object_id": "2", "object_repr": "Abaddon", "action_flag": 2, "change_message": "[{\"changed\": {\"fields\": [\"Img\"]}}]"}}, {"model": "admin.logentry", "pk": 31, "fields": {"action_time": "2024-09-15T11:42:13.468Z", "user": 1, "content_type": 7, "object_id": "8", "object_repr": "Axe", "action_flag": 2, "change_message": "[{\"changed\": {\"fields\": [\"Img\"]}}]"}}, {"model": "admin.logentry", "pk": 32, "fields": {"action_time": "2024-09-15T11:42:36.838Z", "user": 1, "content_type": 7, "object_id": "2", "object_repr": "Abaddon", "action_flag": 2, "change_message": "[{\"changed\": {\"fields\": [\"Img\"]}}]"}}, {"model": "admin.logentry", "pk": 33, "fields": {"action_time": "2024-09-15T11:42:54.768Z", "user": 1, "content_type": 7, "object_id": "2", "object_repr": "Abaddon", "action_flag": 2, "change_message": "[{\"changed\": {\"fields\": [\"Img\"]}}]"}}, {"model": "admin.logentry", "pk": 34, "fields": {"action_time": "2024-09-15T12:35:36.254Z", "user": 1, "content_type": 9, "object_id": "1", "object_repr": "Hear of Tarrasque", "action_flag": 1, "change_message": "[{\"added\": {}}]"}}, {"model": "admin.logentry", "pk": 35, "fields": {"action_time": "2024-09-15T12:43:12.176Z", "user": 1, "content_type": 10, "object_id": "1", "object_repr": "Abaddon +15% damage", "action_flag": 1, "change_message": "[{\"added\": {}}]"}}, {"model": "admin.logentry", "pk": 36, "fields": {"action_time": "2024-09-15T13:25:37.235Z", "user": 1, "content_type": 11, "object_id": "1", "object_repr": "Axe ", "action_flag": 1, "change_message": "[{\"added\": {}}]"}}, {"model": "admin.logentry", "pk": 37, "fields": {"action_time": "2024-09-15T13:26:51.042Z", "user": 1, "content_type": 11, "object_id": "1", "object_repr": "Axe ", "action_flag": 2, "change_message": "[{\"changed\": {\"fields\": [\"Name\", \"Img\"]}}]"}}, {"model": "admin.logentry", "pk": 38, "fields": {"action_time": "2024-09-15T13:36:03.278Z", "user": 1, "content_type": 12, "object_id": "1", "object_repr": "Abaddon +15% damage Talent Wrapper", "action_flag": 1, "change_message": "[{\"added\": {}}]"}}, {"model": "admin.logentry", "pk": 39, "fields": {"action_time": "2024-09-15T13:53:00.201Z", "user": 1, "content_type": 9, "object_id": "1", "object_repr": "Heart of Tarrasque", "action_flag": 2, "change_message": "[{\"changed\": {\"fields\": [\"Name\"]}}]"}}, {"model": "admin.logentry", "pk": 40, "fields": {"action_time": "2024-09-15T13:53:36.806Z", "user": 1, "content_type": 13, "object_id": "2", "object_repr": "Item Wrapper: Heart of Tarrasque", "action_flag": 1, "change_message": "[{\"added\": {}}]"}}, {"model": "admin.logentry", "pk": 41, "fields": {"action_time": "2024-09-15T13:53:47.109Z", "user": 1, "content_type": 13, "object_id": "2", "object_repr": "Item Wrapper: Heart of Tarrasque", "action_flag": 3, "change_message": ""}}, {"model": "admin.logentry", "pk": 42, "fields": {"action_time": "2024-09-15T13:53:55.311Z", "user": 1, "content_type": 13, "object_id": "3", "object_repr": "Item Wrapper: Heart of Tarrasque", "action_flag": 1, "change_message": "[{\"added\": {}}]"}}, {"model": "admin.logentry", "pk": 43, "fields": {"action_time": "2024-09-15T14:15:49.504Z", "user": 1, "content_type": 13, "object_id": "4", "object_repr": "Item Wrapper: Heart of Tarrasque", "action_flag": 1, "change_message": "[{\"added\": {}}]"}}, {"model": "admin.logentry", "pk": 44, "fields": {"action_time": "2024-09-15T14:16:06.143Z", "user": 1, "content_type": 14, "object_id": "1", "object_repr": "Item Wrapper: Early game", "action_flag": 1, "change_message": "[{\"added\": {}}]"}}, {"model": "admin.logentry", "pk": 45, "fields": {"action_time": "2024-09-15T14:17:09.573Z", "user": 1, "content_type": 13, "object_id": "5", "object_repr": "Item Wrapper: Heart of Tarrasque", "action_flag": 1, "change_message": "[{\"added\": {}}]"}}, {"model": "admin.logentry", "pk": 46, "fields": {"action_time": "2024-09-15T14:17:13.164Z", "user": 1, "content_type": 14, "object_id": "1", "object_repr": "Item Wrapper: Early game", "action_flag": 2, "change_message": "[{\"changed\": {\"fields\": [\"Item wrappers\"]}}]"}}, {"model": "admin.logentry", "pk": 47, "fields": {"action_time": "2024-09-15T14:49:18.793Z", "user": 1, "content_type": 9, "object_id": "2", "object_repr": "Item 1", "action_flag": 1, "change_message": "[{\"added\": {}}]"}}, {"model": "admin.logentry", "pk": 48, "fields": {"action_time": "2024-09-15T14:49:28.269Z", "user": 1, "content_type": 9, "object_id": "3", "object_repr": "Item 2", "action_flag": 1, "change_message": "[{\"added\": {}}]"}}, {"model": "admin.logentry", "pk": 49, "fields": {"action_time": "2024-09-15T14:49:33.993Z", "user": 1, "content_type": 9, "object_id": "4", "object_repr": "Item 3", "action_flag": 1, "change_message": "[{\"added\": {}}]"}}, {"model": "admin.logentry", "pk": 50, "fields": {"action_time": "2024-09-15T14:49:55.928Z", "user": 1, "content_type": 13, "object_id": "6", "object_repr": "Item Wrapper: Item 1", "action_flag": 1, "change_message": "[{\"added\": {}}]"}}, {"model": "admin.logentry", "pk": 51, "fields": {"action_time": "2024-09-15T14:50:20.903Z", "user": 1, "content_type": 13, "object_id": "7", "object_repr": "Item Wrapper: Item 2", "action_flag": 1, "change_message": "[{\"added\": {}}]"}}, {"model": "admin.logentry", "pk": 52, "fields": {"action_time": "2024-09-15T14:50:26.201Z", "user": 1, "content_type": 13, "object_id": "8", "object_repr": "Item Wrapper: Item 3", "action_flag": 1, "change_message": "[{\"added\": {}}]"}}, {"model": "admin.logentry", "pk": 53, "fields": {"action_time": "2024-09-15T14:50:27.678Z", "user": 1, "content_type": 14, "object_id": "1", "object_repr": "Item Wrapper: Early game", "action_flag": 2, "change_message": "[{\"changed\": {\"fields\": [\"Item wrappers\"]}}]"}}, {"model": "admin.logentry", "pk": 54, "fields": {"action_time": "2024-09-15T14:53:13.716Z", "user": 1, "content_type": 14, "object_id": "1", "object_repr": "Early game", "action_flag": 2, "change_message": "[{\"changed\": {\"fields\": [\"Item wrappers\"]}}]"}}, {"model": "admin.logentry", "pk": 55, "fields": {"action_time": "2024-09-15T14:53:43.258Z", "user": 1, "content_type": 14, "object_id": "2", "object_repr": "Mid game", "action_flag": 1, "change_message": "[{\"added\": {}}]"}}, {"model": "admin.logentry", "pk": 56, "fields": {"action_time": "2024-09-15T15:04:49.436Z", "user": 1, "content_type": 14, "object_id": "2", "object_repr": "Mid game", "action_flag": 2, "change_message": "[{\"changed\": {\"fields\": [\"Item wrappers\"]}}]"}}, {"model": "admin.logentry", "pk": 57, "fields": {"action_time": "2024-09-15T15:05:12.788Z", "user": 1, "content_type": 14, "object_id": "2", "object_repr": "Mid game", "action_flag": 2, "change_message": "[{\"changed\": {\"fields\": [\"Item wrappers\"]}}]"}}, {"model": "admin.logentry", "pk": 58, "fields": {"action_time": "2024-09-15T15:11:17.430Z", "user": 1, "content_type": 11, "object_id": "2", "object_repr": "Axe ", "action_flag": 1, "change_message": "[{\"added\": {}}]"}}, {"model": "admin.logentry", "pk": 59, "fields": {"action_time": "2024-09-15T15:11:19.891Z", "user": 1, "content_type": 15, "object_id": "1", "object_repr": "Skill Build 1", "action_flag": 1, "change_message": "[{\"added\": {}}]"}}, {"model": "admin.logentry", "pk": 60, "fields": {"action_time": "2024-09-16T07:11:49.051Z", "user": 1, "content_type": 16, "object_id": "1", "object_repr": "Guide 1: Default Hard Line", "action_flag": 1, "change_message": "[{\"added\": {}}]"}}, {"model": "admin.logentry", "pk": 61, "fields": {"action_time": "2024-09-16T07:13:16.187Z", "user": 1, "content_type": 14, "object_id": "2", "object_repr": "Mid game", "action_flag": 2, "change_message": "[{\"changed\": {\"fields\": [\"Guide\"]}}]"}}, {"model": "admin.logentry", "pk": 62, "fields": {"action_time": "2024-09-16T07:13:46.865Z", "user": 1, "content_type": 13, "object_id": "5", "object_repr": "Item Wrapper 5: Heart of Tarrasque", "action_flag": 2, "change_message": "[{\"changed\": {\"fields\": [\"Stage\", \"Order\"]}}]"}}, {"model": "admin.logentry", "pk": 63, "fields": {"action_time": "2024-09-16T07:14:04.222Z", "user": 1, "content_type": 13, "object_id": "6", "object_repr": "Item Wrapper 6: Item 1", "action_flag": 2, "change_message": "[{\"changed\": {\"fields\": [\"Stage\", \"Order\"]}}]"}}, {"model": "admin.logentry", "pk": 64, "fields": {"action_time": "2024-09-16T07:14:15.264Z", "user": 1, "content_type": 13, "object_id": "8", "object_repr": "Item Wrapper 8: Item 3", "action_flag": 2, "change_message": "[{\"changed\": {\"fields\": [\"Stage\", \"Order\"]}}]"}}, {"model": "admin.logentry", "pk": 65, "fields": {"action_time": "2024-09-16T07:14:23.206Z", "user": 1, "content_type": 13, "object_id": "7", "object_repr": "Item Wrapper 7: Item 2", "action_flag": 2, "change_message": "[{\"changed\": {\"fields\": [\"Stage\", \"Order\"]}}]"}}, {"model": "admin.logentry", "pk": 66, "fields": {"action_time": "2024-09-16T07:22:42.722Z", "user": 1, "content_type": 14, "object_id": "1", "object_repr": "Early game", "action_flag": 2, "change_message": "[{\"changed\": {\"fields\": [\"Guide\"]}}]"}}, {"model": "admin.logentry", "pk": 67, "fields": {"action_time": "2024-09-16T07:44:10.447Z", "user": 1, "content_type": 15, "object_id": "1", "object_repr": "Skill Build 1 of Guide 1", "action_flag": 2, "change_message": "[{\"changed\": {\"fields\": [\"Guide\"]}}]"}}, {"model": "admin.logentry", "pk": 68, "fields": {"action_time": "2024-09-16T08:10:29.968Z", "user": 1, "content_type": 12, "object_id": "1", "object_repr": "Talent Wrapper 1 of Guide 1: Abaddon +15% damage", "action_flag": 2, "change_message": "[{\"changed\": {\"fields\": [\"Guide\"]}}]"}}, {"model": "admin.logentry", "pk": 69, "fields": {"action_time": "2024-09-16T08:18:48.649Z", "user": 1, "content_type": 13, "object_id": "3", "object_repr": "Item Wrapper 3: Heart of Tarrasque", "action_flag": 2, "change_message": "[{\"changed\": {\"fields\": [\"Stage\", \"Order\"]}}]"}}, {"model": "admin.logentry", "pk": 70, "fields": {"action_time": "2024-09-16T09:59:45.227Z", "user": 1, "content_type": 9, "object_id": "2", "object_repr": "Item 1", "action_flag": 3, "change_message": ""}}, {"model": "admin.logentry", "pk": 71, "fields": {"action_time": "2024-09-16T09:59:45.227Z", "user": 1, "content_type": 9, "object_id": "3", "object_repr": "Item 2", "action_flag": 3, "change_message": ""}}, {"model": "admin.logentry", "pk": 72, "fields": {"action_time": "2024-09-16T09:59:45.227Z", "user": 1, "content_type": 9, "object_id": "4", "object_repr": "Item 3", "action_flag": 3, "change_message": ""}}, {"model": "admin.logentry", "pk": 73, "fields": {"action_time": "2024-09-16T10:32:25.756Z", "user": 1, "content_type": 9, "object_id": "5", "object_repr": "Observer Ward", "action_flag": 1, "change_message": "[{\"added\": {}}]"}}, {"model": "admin.logentry", "pk": 74, "fields": {"action_time": "2024-09-16T10:33:33.593Z", "user": 1, "content_type": 9, "object_id": "6", "object_repr": "Clarity", "action_flag": 1, "change_message": "[{\"added\": {}}]"}}, {"model": "admin.logentry", "pk": 75, "fields": {"action_time": "2024-09-16T10:33:45.887Z", "user": 1, "content_type": 9, "object_id": "5", "object_repr": "Observer Ward", "action_flag": 2, "change_message": "[{\"changed\": {\"fields\": [\"Item description\"]}}]"}}, {"model": "admin.logentry", "pk": 76, "fields": {"action_time": "2024-09-16T10:34:14.573Z", "user": 1, "content_type": 9, "object_id": "7", "object_repr": "Aghanim's Shard", "action_flag": 1, "change_message": "[{\"added\": {}}]"}}, {"model": "admin.logentry", "pk": 77, "fields": {"action_time": "2024-09-16T10:34:44.901Z", "user": 1, "content_type": 9, "object_id": "8", "object_repr": "Healing Salve", "action_flag": 1, "change_message": "[{\"added\": {}}]"}}, {"model": "admin.logentry", "pk": 78, "fields": {"action_time": "2024-09-16T10:35:13.908Z", "user": 1, "content_type": 9, "object_id": "9", "object_repr": "Bottle", "action_flag": 1, "change_message": "[{\"added\": {}}]"}}, {"model": "admin.logentry", "pk": 79, "fields": {"action_time": "2024-09-16T10:35:33.068Z", "user": 1, "content_type": 9, "object_id": "1", "object_repr": "Heart of Tarrasque", "action_flag": 2, "change_message": "[{\"changed\": {\"fields\": [\"Item description\"]}}]"}}, {"model": "admin.logentry", "pk": 80, "fields": {"action_time": "2024-09-16T10:35:58.535Z", "user": 1, "content_type": 9, "object_id": "10", "object_repr": "Assault Cuirass", "action_flag": 1, "change_message": "[{\"added\": {}}]"}}, {"model": "admin.logentry", "pk": 81, "fields": {"action_time": "2024-09-16T10:36:21.039Z", "user": 1, "content_type": 9, "object_id": "11", "object_repr": "Manta Style", "action_flag": 1, "change_message": "[{\"added\": {}}]"}}, {"model": "admin.logentry", "pk": 82, "fields": {"action_time": "2024-09-16T10:43:21.627Z", "user": 1, "content_type": 16, "object_id": "1", "object_repr": "1 Hard lane (3-d position)", "action_flag": 1, "change_message": "[{\"added\": {}}]"}}, {"model": "admin.logentry", "pk": 83, "fields": {"action_time": "2024-09-16T10:43:27.635Z", "user": 1, "content_type": 16, "object_id": "1", "object_repr": "1 Hard lane (3-d position)", "action_flag": 3, "change_message": ""}}, {"model": "admin.logentry", "pk": 84, "fields": {"action_time": "2024-09-16T10:43:34.645Z", "user": 1, "content_type": 16, "object_id": "2", "object_repr": "2 Hard lane (3-d position)", "action_flag": 1, "change_message": "[{\"added\": {}}]"}}, {"model": "admin.logentry", "pk": 85, "fields": {"action_time": "2024-09-16T10:44:07.203Z", "user": 1, "content_type": 16, "object_id": "3", "object_repr": "3 Support (3-d lane)", "action_flag": 1, "change_message": "[{\"added\": {}}]"}}, {"model": "admin.logentry", "pk": 86, "fields": {"action_time": "2024-09-16T10:49:10.243Z", "user": 1, "content_type": 16, "object_id": "3", "object_repr": "Axe Support (4 pos) (id 3)", "action_flag": 2, "change_message": "[{\"changed\": {\"fields\": [\"Guide title\"]}}]"}}, {"model": "admin.logentry", "pk": 87, "fields": {"action_time": "2024-09-16T10:50:20.932Z", "user": 1, "content_type": 14, "object_id": "3", "object_repr": "Axe Hard lane (3-d position) 2 Early game 3", "action_flag": 1, "change_message": "[{\"added\": {}}]"}}, {"model": "admin.logentry", "pk": 88, "fields": {"action_time": "2024-09-16T10:50:39.472Z", "user": 1, "content_type": 14, "object_id": "3", "object_repr": "Axe Hard lane (3-d position) 2 Early game 3", "action_flag": 3, "change_message": ""}}, {"model": "admin.logentry", "pk": 89, "fields": {"action_time": "2024-09-16T10:50:47.031Z", "user": 1, "content_type": 14, "object_id": "4", "object_repr": "Axe Hard lane (3-d position) 2 Early game 4", "action_flag": 1, "change_message": "[{\"added\": {}}]"}}, {"model": "admin.logentry", "pk": 90, "fields": {"action_time": "2024-09-16T10:51:04.296Z", "user": 1, "content_type": 14, "object_id": "5", "object_repr": "Axe Hard lane (3-d position) 2 Mid game 5", "action_flag": 1, "change_message": "[{\"added\": {}}]"}}, {"model": "admin.logentry", "pk": 91, "fields": {"action_time": "2024-09-16T10:51:15.361Z", "user": 1, "content_type": 14, "object_id": "6", "object_repr": "Axe Hard lane (3-d position) 2 Late game 6", "action_flag": 1, "change_message": "[{\"added\": {}}]"}}, {"model": "admin.logentry", "pk": 92, "fields": {"action_time": "2024-09-16T10:51:22.957Z", "user": 1, "content_type": 14, "object_id": "7", "object_repr": "Axe Support (4 pos) 3 Early game 7", "action_flag": 1, "change_message": "[{\"added\": {}}]"}}, {"model": "admin.logentry", "pk": 93, "fields": {"action_time": "2024-09-16T10:51:29.428Z", "user": 1, "content_type": 14, "object_id": "8", "object_repr": "Axe Support (4 pos) 3 Mid game 8", "action_flag": 1, "change_message": "[{\"added\": {}}]"}}, {"model": "admin.logentry", "pk": 94, "fields": {"action_time": "2024-09-16T10:51:34.764Z", "user": 1, "content_type": 14, "object_id": "9", "object_repr": "Axe Support (4 pos) 3 Late game 9", "action_flag": 1, "change_message": "[{\"added\": {}}]"}}, {"model": "admin.logentry", "pk": 95, "fields": {"action_time": "2024-09-16T10:55:21.236Z", "user": 1, "content_type": 13, "object_id": "2", "object_repr": "Wrapper Clarity #2", "action_flag": 1, "change_message": "[{\"added\": {}}]"}}, {"model": "admin.logentry", "pk": 96, "fields": {"action_time": "2024-09-16T11:03:33.635Z", "user": 1, "content_type": 13, "object_id": "2", "object_repr": "Wrapper <Clarity> #2", "action_flag": 3, "change_message": ""}}, {"model": "admin.logentry", "pk": 97, "fields": {"action_time": "2024-09-16T11:03:42.668Z", "user": 1, "content_type": 13, "object_id": "3", "object_repr": "Wrapper <Clarity> #3", "action_flag": 1, "change_message": "[{\"added\": {}}]"}}, {"model": "admin.logentry", "pk": 98, "fields": {"action_time": "2024-09-16T11:03:48.789Z", "user": 1, "content_type": 13, "object_id": "4", "object_repr": "Wrapper <Healing Salve> #4", "action_flag": 1, "change_message": "[{\"added\": {}}]"}}, {"model": "admin.logentry", "pk": 99, "fields": {"action_time": "2024-09-16T11:03:58.524Z", "user": 1, "content_type": 13, "object_id": "5", "object_repr": "Wrapper <Bottle> #5", "action_flag": 1, "change_message": "[{\"added\": {}}]"}}, {"model": "admin.logentry", "pk": 100, "fields": {"action_time": "2024-09-16T11:04:03.404Z", "user": 1, "content_type": 13, "object_id": "6", "object_repr": "Wrapper <Observer Ward> #6", "action_flag": 1, "change_message": "[{\"added\": {}}]"}}, {"model": "admin.logentry", "pk": 101, "fields": {"action_time": "2024-09-16T11:04:10.323Z", "user": 1, "content_type": 13, "object_id": "7", "object_repr": "Wrapper <Assault Cuirass> #7", "action_flag": 1, "change_message": "[{\"added\": {}}]"}}, {"model": "admin.logentry", "pk": 102, "fields": {"action_time": "2024-09-16T11:04:14.660Z", "user": 1, "content_type": 13, "object_id": "8", "object_repr": "Wrapper <Aghanim's Shard> #8", "action_flag": 1, "change_message": "[{\"added\": {}}]"}}, {"model": "admin.logentry", "pk": 103, "fields": {"action_time": "2024-09-16T11:04:19.153Z", "user": 1, "content_type": 13, "object_id": "9", "object_repr": "Wrapper <Heart of Tarrasque> #9", "action_flag": 1, "change_message": "[{\"added\": {}}]"}}, {"model": "admin.logentry", "pk": 104, "fields": {"action_time": "2024-09-16T11:04:26.219Z", "user": 1, "content_type": 13, "object_id": "10", "object_repr": "Wrapper <Manta Style> #10", "action_flag": 1, "change_message": "[{\"added\": {}}]"}}, {"model": "admin.logentry", "pk": 105, "fields": {"action_time": "2024-09-16T11:04:30.284Z", "user": 1, "content_type": 13, "object_id": "11", "object_repr": "Wrapper <Manta Style> #11", "action_flag": 1, "change_message": "[{\"added\": {}}]"}}, {"model": "admin.logentry", "pk": 106, "fields": {"action_time": "2024-09-16T11:06:42.545Z", "user": 1, "content_type": 13, "object_id": "11", "object_repr": "<Axe> <Hard lane (3-d position)> <Late game> <Wrapper Manta Style> #11", "action_flag": 3, "change_message": ""}}, {"model": "admin.logentry", "pk": 107, "fields": {"action_time": "2024-09-16T11:07:04.112Z", "user": 1, "content_type": 13, "object_id": "12", "object_repr": "<Axe> <Support (4 pos)> <Early game> <Wrapper Healing Salve> #12", "action_flag": 1, "change_message": "[{\"added\": {}}]"}}, {"model": "admin.logentry", "pk": 108, "fields": {"action_time": "2024-09-16T11:07:18.570Z", "user": 1, "content_type": 13, "object_id": "13", "object_repr": "<Axe> <Support (4 pos)> <Early game> <Wrapper Observer Ward> #13", "action_flag": 1, "change_message": "[{\"added\": {}}]"}}, {"model": "admin.logentry", "pk": 109, "fields": {"action_time": "2024-09-16T11:07:23.089Z", "user": 1, "content_type": 13, "object_id": "14", "object_repr": "<Axe> <Support (4 pos)> <Mid game> <Wrapper Bottle> #14", "action_flag": 1, "change_message": "[{\"added\": {}}]"}}, {"model": "admin.logentry", "pk": 110, "fields": {"action_time": "2024-09-16T11:07:30.274Z", "user": 1, "content_type": 13, "object_id": "15", "object_repr": "<Axe> <Support (4 pos)> <Mid game> <Wrapper Aghanim's Shard> #15", "action_flag": 1, "change_message": "[{\"added\": {}}]"}}, {"model": "admin.logentry", "pk": 111, "fields": {"action_time": "2024-09-16T11:07:36.239Z", "user": 1, "content_type": 13, "object_id": "16", "object_repr": "<Axe> <Support (4 pos)> <Late game> <Wrapper Heart of Tarrasque> #16", "action_flag": 1, "change_message": "[{\"added\": {}}]"}}, {"model": "admin.logentry", "pk": 112, "fields": {"action_time": "2024-09-16T11:49:50.237Z", "user": 1, "content_type": 16, "object_id": "3", "object_repr": "<Dark Willow> <Support (4 pos)> <guide #3>", "action_flag": 2, "change_message": "[{\"changed\": {\"fields\": [\"Hero\"]}}]"}}, {"model": "admin.logentry", "pk": 113, "fields": {"action_time": "2024-09-16T12:57:43.626Z", "user": 1, "content_type": 7, "object_id": "1", "object_repr": "Axe", "action_flag": 3, "change_message": ""}}, {"model": "admin.logentry", "pk": 114, "fields": {"action_time": "2024-09-16T12:57:56.201Z", "user": 1, "content_type": 7, "object_id": "15", "object_repr": "Alchemist", "action_flag": 3, "change_message": ""}}, {"model": "admin.logentry", "pk": 115, "fields": {"action_time": "2024-09-16T12:58:02.272Z", "user": 1, "content_type": 7, "object_id": "11", "object_repr": "Ancient Apparition", "action_flag": 3, "change_message": ""}}, {"model": "admin.logentry", "pk": 116, "fields": {"action_time": "2024-09-16T12:58:07.958Z", "user": 1, "content_type": 7, "object_id": "13", "object_repr": "Anti-Mage", "action_flag": 3, "change_message": ""}}, {"model": "admin.logentry", "pk": 117, "fields": {"action_time": "2024-09-16T12:58:12.986Z", "user": 1, "content_type": 7, "object_id": "14", "object_repr": "Arc Warden", "action_flag": 3, "change_message": ""}}, {"model": "admin.logentry", "pk": 118, "fields": {"action_time": "2024-09-16T12:58:21.957Z", "user": 1, "content_type": 7, "object_id": "10", "object_repr": "Bane", "action_flag": 3, "change_message": ""}}, {"model": "admin.logentry", "pk": 119, "fields": {"action_time": "2024-09-16T12:59:42.873Z", "user": 1, "content_type": 7, "object_id": "9", "object_repr": "Pudge", "action_flag": 3, "change_message": ""}}, {"model": "admin.logentry", "pk": 120, "fields": {"action_time": "2024-09-16T13:00:15.323Z", "user": 1, "content_type": 7, "object_id": "12", "object_repr": "Crystal Maiden", "action_flag": 3, "change_message": ""}}, {"model": "admin.logentry", "pk": 121, "fields": {"action_time": "2024-09-16T13:26:51.003Z", "user": 1, "content_type": 7, "object_id": "16", "object_repr": "Pudge", "action_flag": 1, "change_message": "[{\"added\": {}}]"}}, {"model": "admin.logentry", "pk": 122, "fields": {"action_time": "2024-09-16T13:27:59.602Z", "user": 1, "content_type": 16, "object_id": "4", "object_repr": "<Pudge> <Жосткий мужик на мідлі> <guide #4>", "action_flag": 1, "change_message": "[{\"added\": {}}]"}}, {"model": "admin.logentry", "pk": 123, "fields": {"action_time": "2024-09-16T13:28:42.962Z", "user": 1, "content_type": 14, "object_id": "10", "object_repr": "<Pudge> <Жосткий мужик на мідлі> <Нагинання з черевиком>", "action_flag": 1, "change_message": "[{\"added\": {}}]"}}, {"model": "admin.logentry", "pk": 124, "fields": {"action_time": "2024-09-16T13:29:42.398Z", "user": 1, "content_type": 9, "object_id": "12", "object_repr": "Boots of Speed", "action_flag": 1, "change_message": "[{\"added\": {}}]"}}, {"model": "admin.logentry", "pk": 125, "fields": {"action_time": "2024-09-16T13:30:19.534Z", "user": 1, "content_type": 13, "object_id": "17", "object_repr": "<Pudge> <Жосткий мужик на мідлі> <Нагинання з черевиком> <Wrapper Boots of Speed> #17", "action_flag": 1, "change_message": "[{\"added\": {}}]"}}, {"model": "admin.logentry", "pk": 126, "fields": {"action_time": "2024-09-16T13:30:35.939Z", "user": 1, "content_type": 14, "object_id": "11", "object_repr": "<Pudge> <Жосткий мужик на мідлі> <Нагинання з блінком>", "action_flag": 1, "change_message": "[{\"added\": {}}]"}}, {"model": "admin.logentry", "pk": 127, "fields": {"action_time": "2024-09-16T13:31:21.302Z", "user": 1, "content_type": 9, "object_id": "13", "object_repr": "Blink Dagger", "action_flag": 1, "change_message": "[{\"added\": {}}]"}}, {"model": "admin.logentry", "pk": 128, "fields": {"action_time": "2024-09-16T13:31:49.071Z", "user": 1, "content_type": 13, "object_id": "18", "object_repr": "<Pudge> <Жосткий мужик на мідлі> <Нагинання з блінком> <Wrapper Blink Dagger> #18", "action_flag": 1, "change_message": "[{\"added\": {}}]"}}, {"model": "admin.logentry", "pk": 129, "fields": {"action_time": "2024-09-16T13:32:09.082Z", "user": 1, "content_type": 14, "object_id": "12", "object_repr": "<Pudge> <Жосткий мужик на мідлі> <Нагинання з Тарасом>", "action_flag": 1, "change_message": "[{\"added\": {}}]"}}, {"model": "admin.logentry", "pk": 130, "fields": {"action_time": "2024-09-16T13:32:20.410Z", "user": 1, "content_type": 13, "object_id": "19", "object_repr": "<Pudge> <Жосткий мужик на мідлі> <Нагинання з Тарасом> <Wrapper Heart of Tarrasque> #19", "action_flag": 1, "change_message": "[{\"added\": {}}]"}}, {"model": "admin.logentry", "pk": 131, "fields": {"action_time": "2024-09-16T13:32:40.025Z", "user": 1, "content_type": 13, "object_id": "19", "object_repr": "<Pudge> <Жосткий мужик на мідлі> <Нагинання з Тарасом> <Wrapper Heart of Tarrasque> #19", "action_flag": 2, "change_message": "[{\"changed\": {\"fields\": [\"Item wrapper explanation\"]}}]"}}, {"model": "admin.logentry", "pk": 132, "fields": {"action_time": "2024-09-16T13:32:51.541Z", "user": 1, "content_type": 13, "object_id": "18", "object_repr": "<Pudge> <Жосткий мужик на мідлі> <Нагинання з блінком> <Wrapper Blink Dagger> #18", "action_flag": 2, "change_message": "[{\"changed\": {\"fields\": [\"Item wrapper explanation\"]}}]"}}, {"model": "admin.logentry", "pk": 133, "fields": {"action_time": "2024-09-16T13:33:09.714Z", "user": 1, "content_type": 13, "object_id": "17", "object_repr": "<Pudge> <Жосткий мужик на мідлі> <Нагинання з черевиком> <Wrapper Boots of Speed> #17", "action_flag": 2, "change_message": "[{\"changed\": {\"fields\": [\"Item wrapper explanation\"]}}]"}}, {"model": "admin.logentry", "pk": 134, "fields": {"action_time": "2024-09-16T13:33:23.907Z", "user": 1, "content_type": 13, "object_id": "18", "object_repr": "<Pudge> <Жосткий мужик на мідлі> <Нагинання з блінком> <Wrapper Blink Dagger> #18", "action_flag": 2, "change_message": "[{\"changed\": {\"fields\": [\"Item wrapper explanation\"]}}]"}}, {"model": "admin.logentry", "pk": 135, "fields": {"action_time": "2024-09-16T13:33:43.981Z", "user": 1, "content_type": 16, "object_id": "4", "object_repr": "<Pudge> <Жосткий мужик на міді> <guide #4>", "action_flag": 2, "change_message": "[{\"changed\": {\"fields\": [\"Guide title\"]}}]"}}, {"model": "admin.logentry", "pk": 136, "fields": {"action_time": "2024-09-16T13:36:54.180Z", "user": 1, "content_type": 13, "object_id": "20", "object_repr": "<Pudge> <Жосткий мужик на міді> <Нагинання з блінком> <Wrapper Boots of Speed> #20", "action_flag": 1, "change_message": "[{\"added\": {}}]"}}, {"model": "admin.logentry", "pk": 137, "fields": {"action_time": "2024-09-16T13:37:05.892Z", "user": 1, "content_type": 13, "object_id": "21", "object_repr": "<Pudge> <Жосткий мужик на міді> <Нагинання з Тарасом> <Wrapper Blink Dagger> #21", "action_flag": 1, "change_message": "[{\"added\": {}}]"}}, {"model": "admin.logentry", "pk": 138, "fields": {"action_time": "2024-09-16T13:37:12.661Z", "user": 1, "content_type": 13, "object_id": "22", "object_repr": "<Pudge> <Жосткий мужик на міді> <Нагинання з Тарасом> <Wrapper Boots of Speed> #22", "action_flag": 1, "change_message": "[{\"added\": {}}]"}}, {"model": "admin.logentry", "pk": 139, "fields": {"action_time": "2024-09-16T13:38:03.583Z", "user": 1, "content_type": 16, "object_id": "4", "object_repr": "<Pudge> <Гойд на мідового Пуджа> <guide #4>", "action_flag": 2, "change_message": "[{\"changed\": {\"fields\": [\"Guide title\"]}}]"}}, {"model": "admin.logentry", "pk": 140, "fields": {"action_time": "2024-09-17T10:49:58.412Z", "user": 1, "content_type": 7, "object_id": "2", "object_repr": "Abaddon", "action_flag": 2, "change_message": "[{\"changed\": {\"fields\": [\"Img\"]}}]"}}, {"model": "admin.logentry", "pk": 141, "fields": {"action_time": "2024-09-17T10:50:21.738Z", "user": 1, "content_type": 7, "object_id": "7", "object_repr": "Arc warden", "action_flag": 2, "change_message": "[{\"changed\": {\"fields\": [\"Img\"]}}]"}}, {"model": "admin.logentry", "pk": 142, "fields": {"action_time": "2024-09-17T10:50:34.562Z", "user": 1, "content_type": 7, "object_id": "8", "object_repr": "Axe", "action_flag": 2, "change_message": "[{\"changed\": {\"fields\": [\"Img\"]}}]"}}, {"model": "admin.logentry", "pk": 143, "fields": {"action_time": "2024-09-17T10:50:42.637Z", "user": 1, "content_type": 7, "object_id": "4", "object_repr": "Dark Willow", "action_flag": 2, "change_message": "[{\"changed\": {\"fields\": [\"Img\"]}}]"}}, {"model": "admin.logentry", "pk": 144, "fields": {"action_time": "2024-09-17T10:50:50.489Z", "user": 1, "content_type": 7, "object_id": "3", "object_repr": "Juggernaut", "action_flag": 2, "change_message": "[{\"changed\": {\"fields\": [\"Img\"]}}]"}}, {"model": "admin.logentry", "pk": 145, "fields": {"action_time": "2024-09-17T10:51:09.175Z", "user": 1, "content_type": 7, "object_id": "16", "object_repr": "Pudge", "action_flag": 2, "change_message": "[{\"changed\": {\"fields\": [\"Img\"]}}]"}}, {"model": "admin.logentry", "pk": 146, "fields": {"action_time": "2024-09-17T10:51:25.606Z", "user": 1, "content_type": 7, "object_id": "17", "object_repr": "Crystal Maiden", "action_flag": 1, "change_message": "[{\"added\": {}}]"}}, {"model": "admin.logentry", "pk": 147, "fields": {"action_time": "2024-09-17T10:52:01.232Z", "user": 1, "content_type": 7, "object_id": "18", "object_repr": "Ancient Apparation", "action_flag": 1, "change_message": "[{\"added\": {}}]"}}, {"model": "admin.logentry", "pk": 148, "fields": {"action_time": "2024-09-18T11:41:14.783Z", "user": 1, "content_type": 7, "object_id": "19", "object_repr": "Ivan", "action_flag": 1, "change_message": "[{\"added\": {}}]"}}, {"model": "admin.logentry", "pk": 149, "fields": {"action_time": "2024-09-18T12:29:18.695Z", "user": 1, "content_type": 7, "object_id": "20", "object_repr": "Alchemist", "action_flag": 1, "change_message": "[{\"added\": {}}]"}}, {"model": "admin.logentry", "pk": 150, "fields": {"action_time": "2024-09-18T12:31:18.585Z", "user": 1, "content_type": 7, "object_id": "21", "object_repr": "Anti-Mage", "action_flag": 1, "change_message": "[{\"added\": {}}]"}}, {"model": "admin.logentry", "pk": 151, "fields": {"action_time": "2024-09-18T12:32:50.360Z", "user": 1, "content_type": 7, "object_id": "8", "object_repr": "Axe", "action_flag": 2, "change_message": "[{\"changed\": {\"fields\": [\"Img\"]}}]"}}, {"model": "admin.logentry", "pk": 152, "fields": {"action_time": "2024-09-18T12:33:17.915Z", "user": 1, "content_type": 7, "object_id": "8", "object_repr": "Axe", "action_flag": 2, "change_message": "[{\"changed\": {\"fields\": [\"Img\"]}}]"}}, {"model": "admin.logentry", "pk": 153, "fields": {"action_time": "2024-09-18T12:36:40.304Z", "user": 1, "content_type": 7, "object_id": "20", "object_repr": "Alchemist", "action_flag": 2, "change_message": "[{\"changed\": {\"fields\": [\"Img\"]}}]"}}, {"model": "admin.logentry", "pk": 154, "fields": {"action_time": "2024-09-18T12:37:21.970Z", "user": 1, "content_type": 7, "object_id": "21", "object_repr": "Anti-Mage", "action_flag": 2, "change_message": "[{\"changed\": {\"fields\": [\"Img\"]}}]"}}, {"model": "admin.logentry", "pk": 155, "fields": {"action_time": "2024-09-18T12:44:52.681Z", "user": 1, "content_type": 7, "object_id": "22", "object_repr": "Centaur Warrunner", "action_flag": 1, "change_message": "[{\"added\": {}}]"}}, {"model": "admin.logentry", "pk": 156, "fields": {"action_time": "2024-09-18T12:46:42.921Z", "user": 1, "content_type": 7, "object_id": "23", "object_repr": "Chaos Knight", "action_flag": 1, "change_message": "[{\"added\": {}}]"}}, {"model": "admin.logentry", "pk": 157, "fields": {"action_time": "2024-09-18T12:47:19.846Z", "user": 1, "content_type": 7, "object_id": "24", "object_repr": "Dawnbreaker", "action_flag": 1, "change_message": "[{\"added\": {}}]"}}, {"model": "admin.logentry", "pk": 158, "fields": {"action_time": "2024-09-18T12:47:53.516Z", "user": 1, "content_type": 7, "object_id": "25", "object_repr": "Doom", "action_flag": 1, "change_message": "[{\"added\": {}}]"}}, {"model": "admin.logentry", "pk": 159, "fields": {"action_time": "2024-09-18T12:48:33.249Z", "user": 1, "content_type": 7, "object_id": "26", "object_repr": "Dragon Knight", "action_flag": 1, "change_message": "[{\"added\": {}}]"}}, {"model": "admin.logentry", "pk": 160, "fields": {"action_time": "2024-09-20T07:11:46.449Z", "user": 1, "content_type": 7, "object_id": "27", "object_repr": "tmp hero", "action_flag": 1, "change_message": "[{\"added\": {}}]"}}, {"model": "admin.logentry", "pk": 161, "fields": {"action_time": "2024-09-20T07:14:17.678Z", "user": 1, "content_type": 7, "object_id": "27", "object_repr": "tmp hero", "action_flag": 3, "change_message": ""}}, {"model": "admin.logentry", "pk": 162, "fields": {"action_time": "2024-09-20T08:04:48.397Z", "user": 1, "content_type": 7, "object_id": "28", "object_repr": "Axe", "action_flag": 1, "change_message": "[{\"added\": {}}]"}}, {"model": "admin.logentry", "pk": 163, "fields": {"action_time": "2024-09-20T08:08:33.934Z", "user": 1, "content_type": 7, "object_id": "19", "object_repr": "Ivan", "action_flag": 2, "change_message": "[{\"changed\": {\"fields\": [\"Img\"]}}]"}}, {"model": "admin.logentry", "pk": 164, "fields": {"action_time": "2024-09-20T08:09:05.798Z", "user": 1, "content_type": 7, "object_id": "28", "object_repr": "Axe", "action_flag": 3, "change_message": ""}}, {"model": "admin.logentry", "pk": 165, "fields": {"action_time": "2024-09-20T08:09:18.898Z", "user": 1, "content_type": 7, "object_id": "19", "object_repr": "Ivan", "action_flag": 2, "change_message": "[{\"changed\": {\"fields\": [\"Attribute\"]}}]"}}, {"model": "admin.logentry", "pk": 166, "fields": {"action_time": "2024-09-20T08:09:29.123Z", "user": 1, "content_type": 7, "object_id": "2", "object_repr": "Abaddon", "action_flag": 2, "change_message": "[{\"changed\": {\"fields\": [\"Attribute\"]}}]"}}, {"model": "admin.logentry", "pk": 167, "fields": {"action_time": "2024-09-20T08:09:34.407Z", "user": 1, "content_type": 7, "object_id": "4", "object_repr": "Dark Willow", "action_flag": 2, "change_message": "[{\"changed\": {\"fields\": [\"Attribute\"]}}]"}}, {"model": "admin.logentry", "pk": 168, "fields": {"action_time": "2024-09-20T08:12:55.253Z", "user": 1, "content_type": 7, "object_id": "29", "object_repr": "Artem ZDOROVYI", "action_flag": 1, "change_message": "[{\"added\": {}}]"}}, {"model": "admin.logentry", "pk": 169, "fields": {"action_time": "2024-09-20T08:14:27.008Z", "user": 1, "content_type": 7, "object_id": "29", "object_repr": "Artem", "action_flag": 2, "change_message": "[{\"changed\": {\"fields\": [\"Hero name\"]}}]"}}, {"model": "admin.logentry", "pk": 170, "fields": {"action_time": "2024-09-20T08:15:05.685Z", "user": 1, "content_type": 7, "object_id": "19", "object_repr": "Ivan", "action_flag": 2, "change_message": "[{\"changed\": {\"fields\": [\"Attribute\"]}}]"}}, {"model": "admin.logentry", "pk": 171, "fields": {"action_time": "2024-09-20T08:15:13.582Z", "user": 1, "content_type": 7, "object_id": "2", "object_repr": "Abaddon", "action_flag": 2, "change_message": "[{\"changed\": {\"fields\": [\"Attribute\"]}}]"}}, {"model": "admin.logentry", "pk": 172, "fields": {"action_time": "2024-09-20T08:15:21.041Z", "user": 1, "content_type": 7, "object_id": "4", "object_repr": "Dark Willow", "action_flag": 2, "change_message": "[{\"changed\": {\"fields\": [\"Attribute\"]}}]"}}, {"model": "admin.logentry", "pk": 173, "fields": {"action_time": "2024-09-20T08:18:13.046Z", "user": 1, "content_type": 7, "object_id": "30", "object_repr": "Zeus", "action_flag": 1, "change_message": "[{\"added\": {}}]"}}, {"model": "admin.logentry", "pk": 174, "fields": {"action_time": "2024-09-20T08:18:56.305Z", "user": 1, "content_type": 7, "object_id": "31", "object_repr": "Wraith king", "action_flag": 1, "change_message": "[{\"added\": {}}]"}}, {"model": "admin.logentry", "pk": 175, "fields": {"action_time": "2024-09-20T08:20:24.147Z", "user": 1, "content_type": 7, "object_id": "32", "object_repr": "Beastmaster", "action_flag": 1, "change_message": "[{\"added\": {}}]"}}, {"model": "admin.logentry", "pk": 176, "fields": {"action_time": "2024-09-20T08:20:32.999Z", "user": 1, "content_type": 7, "object_id": "32", "object_repr": "Beastmaster", "action_flag": 2, "change_message": "[{\"changed\": {\"fields\": [\"Img\"]}}]"}}, {"model": "admin.logentry", "pk": 177, "fields": {"action_time": "2024-09-20T08:22:19.316Z", "user": 1, "content_type": 7, "object_id": "33", "object_repr": "Hoodwink", "action_flag": 1, "change_message": "[{\"added\": {}}]"}}, {"model": "admin.logentry", "pk": 178, "fields": {"action_time": "2024-09-20T08:23:10.544Z", "user": 1, "content_type": 7, "object_id": "34", "object_repr": "Grimstroke", "action_flag": 1, "change_message": "[{\"added\": {}}]"}}, {"model": "admin.logentry", "pk": 179, "fields": {"action_time": "2024-09-20T08:24:08.291Z", "user": 1, "content_type": 7, "object_id": "35", "object_repr": "Sand King", "action_flag": 1, "change_message": "[{\"added\": {}}]"}}, {"model": "admin.logentry", "pk": 180, "fields": {"action_time": "2024-09-20T08:24:42.937Z", "user": 1, "content_type": 7, "object_id": "36", "object_repr": "Tidehunter", "action_flag": 1, "change_message": "[{\"added\": {}}]"}}, {"model": "admin.logentry", "pk": 181, "fields": {"action_time": "2024-09-20T08:25:14.694Z", "user": 1, "content_type": 7, "object_id": "37", "object_repr": "Phantom Assassin", "action_flag": 1, "change_message": "[{\"added\": {}}]"}}, {"model": "admin.logentry", "pk": 182, "fields": {"action_time": "2024-09-20T08:25:43.820Z", "user": 1, "content_type": 7, "object_id": "38", "object_repr": "Mirana", "action_flag": 1, "change_message": "[{\"added\": {}}]"}}, {"model": "admin.logentry", "pk": 183, "fields": {"action_time": "2024-09-20T08:28:05.228Z", "user": 1, "content_type": 7, "object_id": "39", "object_repr": "Invoker", "action_flag": 1, "change_message": "[{\"added\": {}}]"}}, {"model": "admin.logentry", "pk": 184, "fields": {"action_time": "2024-09-20T08:29:25.150Z", "user": 1, "content_type": 7, "object_id": "40", "object_repr": "Ursa", "action_flag": 1, "change_message": "[{\"added\": {}}]"}}, {"model": "admin.logentry", "pk": 185, "fields": {"action_time": "2024-09-20T08:30:47.858Z", "user": 1, "content_type": 7, "object_id": "41", "object_repr": "Weaver", "action_flag": 1, "change_message": "[{\"added\": {}}]"}}, {"model": "admin.logentry", "pk": 186, "fields": {"action_time": "2024-09-20T08:33:00.221Z", "user": 1, "content_type": 7, "object_id": "42", "object_repr": "Phantom Lancer", "action_flag": 1, "change_message": "[{\"added\": {}}]"}}, {"model": "admin.logentry", "pk": 187, "fields": {"action_time": "2024-09-20T08:33:58.355Z", "user": 1, "content_type": 7, "object_id": "43", "object_repr": "Spectre", "action_flag": 1, "change_message": "[{\"added\": {}}]"}}, {"model": "admin.logentry", "pk": 188, "fields": {"action_time": "2024-09-20T08:42:07.997Z", "user": 1, "content_type": 16, "object_id": "5", "object_repr": "<Wraith king> <Easy lane 666 tarasks> <guide #5>", "action_flag": 1, "change_message": "[{\"added\": {}}]"}}, {"model": "admin.logentry", "pk": 189, "fields": {"action_time": "2024-09-20T08:43:09.302Z", "user": 1, "content_type": 14, "object_id": "13", "object_repr": "<Wraith king> <Easy lane 666 tarasks> <Early game>", "action_flag": 1, "change_message": "[{\"added\": {}}]"}}, {"model": "admin.logentry", "pk": 190, "fields": {"action_time": "2024-09-20T08:43:32.220Z", "user": 1, "content_type": 14, "object_id": "14", "object_repr": "<Wraith king> <Easy lane 666 tarasks> <Mid game>", "action_flag": 1, "change_message": "[{\"added\": {}}]"}}, {"model": "admin.logentry", "pk": 191, "fields": {"action_time": "2024-09-20T08:44:12.742Z", "user": 1, "content_type": 14, "object_id": "15", "object_repr": "<Wraith king> <Easy lane 666 tarasks> <Late game>", "action_flag": 1, "change_message": "[{\"added\": {}}]"}}, {"model": "admin.logentry", "pk": 192, "fields": {"action_time": "2024-09-20T08:45:50.524Z", "user": 1, "content_type": 13, "object_id": "23", "object_repr": "<Wraith king> <Easy lane 666 tarasks> <Early game> <Wrapper Healing Salve> #23", "action_flag": 1, "change_message": "[{\"added\": {}}]"}}, {"model": "admin.logentry", "pk": 193, "fields": {"action_time": "2024-09-20T08:47:47.999Z", "user": 1, "content_type": 13, "object_id": "24", "object_repr": "<Wraith king> <Easy lane 666 tarasks> <Early game> <Wrapper Clarity> #24", "action_flag": 1, "change_message": "[{\"added\": {}}]"}}, {"model": "admin.logentry", "pk": 194, "fields": {"action_time": "2024-09-20T08:48:07.280Z", "user": 1, "content_type": 13, "object_id": "25", "object_repr": "<Wraith king> <Easy lane 666 tarasks> <Early game> <Wrapper Boots of Speed> #25", "action_flag": 1, "change_message": "[{\"added\": {}}]"}}, {"model": "admin.logentry", "pk": 195, "fields": {"action_time": "2024-09-20T08:48:25.566Z", "user": 1, "content_type": 13, "object_id": "26", "object_repr": "<Wraith king> <Easy lane 666 tarasks> <Mid game> <Wrapper Manta Style> #26", "action_flag": 1, "change_message": "[{\"added\": {}}]"}}, {"model": "admin.logentry", "pk": 196, "fields": {"action_time": "2024-09-20T08:48:39.534Z", "user": 1, "content_type": 14, "object_id": "14", "object_repr": "<Wraith king> <Easy lane 666 tarasks> <Mid game>", "action_flag": 2, "change_message": "[{\"changed\": {\"fields\": [\"Stage description\"]}}]"}}, {"model": "admin.logentry", "pk": 197, "fields": {"action_time": "2024-09-20T08:48:49.939Z", "user": 1, "content_type": 13, "object_id": "27", "object_repr": "<Wraith king> <Easy lane 666 tarasks> <Late game> <Wrapper Heart of Tarrasque> #27", "action_flag": 1, "change_message": "[{\"added\": {}}]"}}, {"model": "admin.logentry", "pk": 198, "fields": {"action_time": "2024-09-20T08:49:15.989Z", "user": 1, "content_type": 13, "object_id": "28", "object_repr": "<Wraith king> <Easy lane 666 tarasks> <Mid game> <Wrapper Heart of Tarrasque> #28", "action_flag": 1, "change_message": "[{\"added\": {}}]"}}, {"model": "admin.logentry", "pk": 199, "fields": {"action_time": "2024-09-20T08:49:41.722Z", "user": 1, "content_type": 13, "object_id": "29", "object_repr": "<Wraith king> <Easy lane 666 tarasks> <Late game> <Wrapper Heart of Tarrasque> #29", "action_flag": 1, "change_message": "[{\"added\": {}}]"}}, {"model": "admin.logentry", "pk": 200, "fields": {"action_time": "2024-09-20T08:51:36.421Z", "user": 1, "content_type": 7, "object_id": "31", "object_repr": "Wraith King", "action_flag": 2, "change_message": "[{\"changed\": {\"fields\": [\"Hero name\"]}}]"}}, {"model": "admin.logentry", "pk": 201, "fields": {"action_time": "2024-09-22T11:14:01.578Z", "user": 1, "content_type": 17, "object_id": "4", "object_repr": "AGILITY", "action_flag": 2, "change_message": "[{\"changed\": {\"fields\": [\"Img\"]}}]"}}, {"model": "admin.logentry", "pk": 202, "fields": {"action_time": "2024-09-22T11:14:27.540Z", "user": 1, "content_type": 17, "object_id": "3", "object_repr": "INTELLIGENCE", "action_flag": 2, "change_message": "[{\"changed\": {\"fields\": [\"Img\"]}}]"}}, {"model": "admin.logentry", "pk": 203, "fields": {"action_time": "2024-09-22T11:14:35.824Z", "user": 1, "content_type": 17, "object_id": "2", "object_repr": "STRENGTH", "action_flag": 2, "change_message": "[{\"changed\": {\"fields\": [\"Img\"]}}]"}}, {"model": "admin.logentry", "pk": 204, "fields": {"action_time": "2024-09-22T11:14:43.464Z", "user": 1, "content_type": 17, "object_id": "1", "object_repr": "UNIVERSAL", "action_flag": 2, "change_message": "[{\"changed\": {\"fields\": [\"Img\"]}}]"}}, {"model": "admin.logentry", "pk": 205, "fields": {"action_time": "2024-09-22T12:26:56.197Z", "user": 1, "content_type": 17, "object_id": "4", "object_repr": "Agility", "action_flag": 2, "change_message": "[{\"changed\": {\"fields\": [\"Attribute name\"]}}]"}}, {"model": "admin.logentry", "pk": 206, "fields": {"action_time": "2024-09-22T12:26:59.771Z", "user": 1, "content_type": 17, "object_id": "3", "object_repr": "Intelligence", "action_flag": 2, "change_message": "[{\"changed\": {\"fields\": [\"Attribute name\"]}}]"}}, {"model": "admin.logentry", "pk": 207, "fields": {"action_time": "2024-09-22T12:27:03.327Z", "user": 1, "content_type": 17, "object_id": "2", "object_repr": "Strength", "action_flag": 2, "change_message": "[{\"changed\": {\"fields\": [\"Attribute name\"]}}]"}}, {"model": "admin.logentry", "pk": 208, "fields": {"action_time": "2024-09-22T12:27:06.597Z", "user": 1, "content_type": 17, "object_id": "1", "object_repr": "Universal", "action_flag": 2, "change_message": "[{\"changed\": {\"fields\": [\"Attribute name\"]}}]"}}, {"model": "admin.logentry", "pk": 209, "fields": {"action_time": "2024-09-22T12:27:10.884Z", "user": 1, "content_type": 17, "object_id": "5", "object_repr": "tmp", "action_flag": 1, "change_message": "[{\"added\": {}}]"}}, {"model": "admin.logentry", "pk": 210, "fields": {"action_time": "2024-09-22T12:27:22.877Z", "user": 1, "content_type": 17, "object_id": "5", "object_repr": "tmp", "action_flag": 3, "change_message": ""}}, {"model": "admin.logentry", "pk": 211, "fields": {"action_time": "2024-09-22T12:29:30.033Z", "user": 1, "content_type": 11, "object_id": "1", "object_repr": "<Axe> <Berserker's Call> <Skill #1>", "action_flag": 1, "change_message": "[{\"added\": {}}]"}}, {"model": "admin.logentry", "pk": 212, "fields": {"action_time": "2024-09-22T12:29:58.795Z", "user": 1, "content_type": 11, "object_id": "2", "object_repr": "<Axe> <Battle Hunger> <Skill #2>", "action_flag": 1, "change_message": "[{\"added\": {}}]"}}, {"model": "admin.logentry", "pk": 213, "fields": {"action_time": "2024-09-22T12:30:17.668Z", "user": 1, "content_type": 11, "object_id": "3", "object_repr": "<Axe> <Counter Helix> <Skill #3>", "action_flag": 1, "change_message": "[{\"added\": {}}]"}}, {"model": "admin.logentry", "pk": 214, "fields": {"action_time": "2024-09-22T12:30:39.892Z", "user": 1, "content_type": 11, "object_id": "4", "object_repr": "<Axe> <Culling Blade> <Skill #4>", "action_flag": 1, "change_message": "[{\"added\": {}}]"}}, {"model": "admin.logentry", "pk": 215, "fields": {"action_time": "2024-09-22T12:43:04.354Z", "user": 1, "content_type": 17, "object_id": "4", "object_repr": "Agility", "action_flag": 2, "change_message": "[{\"changed\": {\"fields\": [\"Display order\"]}}]"}}, {"model": "admin.logentry", "pk": 216, "fields": {"action_time": "2024-09-22T12:43:09.230Z", "user": 1, "content_type": 17, "object_id": "2", "object_repr": "Strength", "action_flag": 2, "change_message": "[{\"changed\": {\"fields\": [\"Display order\"]}}]"}}, {"model": "admin.logentry", "pk": 217, "fields": {"action_time": "2024-09-22T12:43:17.186Z", "user": 1, "content_type": 17, "object_id": "3", "object_repr": "Intelligence", "action_flag": 2, "change_message": "[{\"changed\": {\"fields\": [\"Display order\"]}}]"}}, {"model": "admin.logentry", "pk": 218, "fields": {"action_time": "2024-09-22T12:43:24.281Z", "user": 1, "content_type": 17, "object_id": "2", "object_repr": "Strength", "action_flag": 2, "change_message": "[{\"changed\": {\"fields\": [\"Display order\"]}}]"}}, {"model": "admin.logentry", "pk": 219, "fields": {"action_time": "2024-09-22T12:43:29.114Z", "user": 1, "content_type": 17, "object_id": "3", "object_repr": "Intelligence", "action_flag": 2, "change_message": "[{\"changed\": {\"fields\": [\"Display order\"]}}]"}}, {"model": "admin.logentry", "pk": 220, "fields": {"action_time": "2024-09-22T12:43:31.680Z", "user": 1, "content_type": 17, "object_id": "1", "object_repr": "Universal", "action_flag": 2, "change_message": "[]"}}, {"model": "admin.logentry", "pk": 221, "fields": {"action_time": "2024-09-22T13:27:03.197Z", "user": 1, "content_type": 17, "object_id": "2", "object_repr": "Strength", "action_flag": 2, "change_message": "[{\"changed\": {\"fields\": [\"Display order\"]}}]"}}, {"model": "admin.logentry", "pk": 222, "fields": {"action_time": "2024-09-22T13:27:07.645Z", "user": 1, "content_type": 17, "object_id": "4", "object_repr": "Agility", "action_flag": 2, "change_message": "[{\"changed\": {\"fields\": [\"Display order\"]}}]"}}, {"model": "admin.logentry", "pk": 223, "fields": {"action_time": "2024-09-22T13:27:10.904Z", "user": 1, "content_type": 17, "object_id": "3", "object_repr": "Intelligence", "action_flag": 2, "change_message": "[]"}}, {"model": "admin.logentry", "pk": 224, "fields": {"action_time": "2024-09-22T13:27:13.691Z", "user": 1, "content_type": 17, "object_id": "1", "object_repr": "Universal", "action_flag": 2, "change_message": "[]"}}, {"model": "admin.logentry", "pk": 225, "fields": {"action_time": "2024-09-22T16:17:12.105Z", "user": 1, "content_type": 7, "object_id": "44", "object_repr": "Pangolier", "action_flag": 1, "change_message": "[{\"added\": {}}]"}}, {"model": "admin.logentry", "pk": 226, "fields": {"action_time": "2024-09-22T16:19:44.211Z", "user": 1, "content_type": 11, "object_id": "5", "object_repr": "<Pangolier> <Swashbuckle> <Skill #1>", "action_flag": 1, "change_message": "[{\"added\": {}}]"}}, {"model": "admin.logentry", "pk": 227, "fields": {"action_time": "2024-09-22T16:21:33.008Z", "user": 1, "content_type": 11, "object_id": "6", "object_repr": "<Pangolier> <Shield Cash> <Skill #2>", "action_flag": 1, "change_message": "[{\"added\": {}}]"}}, {"model": "admin.logentry", "pk": 228, "fields": {"action_time": "2024-09-22T16:22:50.969Z", "user": 1, "content_type": 11, "object_id": "7", "object_repr": "<Pangolier> <Lucky Shot> <Skill #3>", "action_flag": 1, "change_message": "[{\"added\": {}}]"}}, {"model": "admin.logentry", "pk": 229, "fields": {"action_time": "2024-09-22T16:24:06.034Z", "user": 1, "content_type": 11, "object_id": "8", "object_repr": "<Pangolier> <Rolling Thunder> <Skill #4>", "action_flag": 1, "change_message": "[{\"added\": {}}]"}}, {"model": "admin.logentry", "pk": 230, "fields": {"action_time": "2024-09-22T16:29:09.619Z", "user": 1, "content_type": 16, "object_id": "6", "object_repr": "<Pangolier> <3rd position semi-carry Pangolier> <guide #6>", "action_flag": 1, "change_message": "[{\"added\": {}}]"}}, {"model": "admin.logentry", "pk": 231, "fields": {"action_time": "2024-09-22T16:30:47.793Z", "user": 1, "content_type": 9, "object_id": "14", "object_repr": "Iron Branch", "action_flag": 1, "change_message": "[{\"added\": {}}]"}}, {"model": "admin.logentry", "pk": 232, "fields": {"action_time": "2024-09-22T16:33:13.951Z", "user": 1, "content_type": 9, "object_id": "15", "object_repr": "Tango", "action_flag": 1, "change_message": "[{\"added\": {}}]"}}, {"model": "admin.logentry", "pk": 233, "fields": {"action_time": "2024-09-22T16:35:40.056Z", "user": 1, "content_type": 9, "object_id": "16", "object_repr": "Quelling Blade", "action_flag": 1, "change_message": "[{\"added\": {}}]"}}, {"model": "admin.logentry", "pk": 234, "fields": {"action_time": "2024-09-22T16:36:43.266Z", "user": 1, "content_type": 9, "object_id": "17", "object_repr": "Diffusal Blade", "action_flag": 1, "change_message": "[{\"added\": {}}]"}}, {"model": "admin.logentry", "pk": 235, "fields": {"action_time": "2024-09-22T16:37:22.069Z", "user": 1, "content_type": 9, "object_id": "18", "object_repr": "Maelstrom", "action_flag": 1, "change_message": "[{\"added\": {}}]"}}, {"model": "admin.logentry", "pk": 236, "fields": {"action_time": "2024-09-22T16:38:34.247Z", "user": 1, "content_type": 9, "object_id": "19", "object_repr": "Monkey King Bar", "action_flag": 1, "change_message": "[{\"added\": {}}]"}}, {"model": "admin.logentry", "pk": 237, "fields": {"action_time": "2024-09-22T16:39:22.380Z", "user": 1, "content_type": 9, "object_id": "20", "object_repr": "Skull Basher", "action_flag": 1, "change_message": "[{\"added\": {}}]"}}, {"model": "admin.logentry", "pk": 238, "fields": {"action_time": "2024-09-22T16:41:02.444Z", "user": 1, "content_type": 9, "object_id": "21", "object_repr": "Aghanim's Scepter", "action_flag": 1, "change_message": "[{\"added\": {}}]"}}, {"model": "admin.logentry", "pk": 239, "fields": {"action_time": "2024-09-22T16:42:07.285Z", "user": 1, "content_type": 14, "object_id": "16", "object_repr": "<Pangolier> <3rd position semi-carry Pangolier> <Early game>", "action_flag": 1, "change_message": "[{\"added\": {}}]"}}, {"model": "admin.logentry", "pk": 240, "fields": {"action_time": "2024-09-22T16:42:37.042Z", "user": 1, "content_type": 14, "object_id": "17", "object_repr": "<Pangolier> <3rd position semi-carry Pangolier> <Mid game>", "action_flag": 1, "change_message": "[{\"added\": {}}]"}}, {"model": "admin.logentry", "pk": 241, "fields": {"action_time": "2024-09-22T16:43:02.789Z", "user": 1, "content_type": 14, "object_id": "18", "object_repr": "<Pangolier> <3rd position semi-carry Pangolier> <Late game>", "action_flag": 1, "change_message": "[{\"added\": {}}]"}}, {"model": "admin.logentry", "pk": 242, "fields": {"action_time": "2024-09-22T16:43:58.972Z", "user": 1, "content_type": 13, "object_id": "30", "object_repr": "<Pangolier> <3rd position semi-carry Pangolier> <Early game> <Wrapper Iron Branch> #30", "action_flag": 1, "change_message": "[{\"added\": {}}]"}}, {"model": "admin.logentry", "pk": 243, "fields": {"action_time": "2024-09-22T16:44:27.276Z", "user": 1, "content_type": 13, "object_id": "31", "object_repr": "<Pangolier> <3rd position semi-carry Pangolier> <Early game> <Wrapper Iron Branch> #31", "action_flag": 1, "change_message": "[{\"added\": {}}]"}}, {"model": "admin.logentry", "pk": 244, "fields": {"action_time": "2024-09-22T16:46:12.441Z", "user": 1, "content_type": 13, "object_id": "32", "object_repr": "<Pangolier> <3rd position semi-carry Pangolier> <Early game> <Wrapper Iron Branch> #32", "action_flag": 1, "change_message": "[{\"added\": {}}]"}}, {"model": "admin.logentry", "pk": 245, "fields": {"action_time": "2024-09-22T16:46:31.936Z", "user": 1, "content_type": 13, "object_id": "33", "object_repr": "<Pangolier> <3rd position semi-carry Pangolier> <Early game> <Wrapper Tango> #33", "action_flag": 1, "change_message": "[{\"added\": {}}]"}}, {"model": "admin.logentry", "pk": 246, "fields": {"action_time": "2024-09-22T16:46:58.487Z", "user": 1, "content_type": 13, "object_id": "34", "object_repr": "<Pangolier> <3rd position semi-carry Pangolier> <Mid game> <Wrapper Boots of Speed> #34", "action_flag": 1, "change_message": "[{\"added\": {}}]"}}, {"model": "admin.logentry", "pk": 247, "fields": {"action_time": "2024-09-22T16:47:44.457Z", "user": 1, "content_type": 13, "object_id": "35", "object_repr": "<Pangolier> <3rd position semi-carry Pangolier> <Mid game> <Wrapper Diffusal Blade> #35", "action_flag": 1, "change_message": "[{\"added\": {}}]"}}, {"model": "admin.logentry", "pk": 248, "fields": {"action_time": "2024-09-22T16:48:11.864Z", "user": 1, "content_type": 13, "object_id": "36", "object_repr": "<Pangolier> <3rd position semi-carry Pangolier> <Mid game> <Wrapper Maelstrom> #36", "action_flag": 1, "change_message": "[{\"added\": {}}]"}}, {"model": "admin.logentry", "pk": 249, "fields": {"action_time": "2024-09-22T16:49:15.961Z", "user": 1, "content_type": 13, "object_id": "37", "object_repr": "<Pangolier> <3rd position semi-carry Pangolier> <Early game> <Wrapper Quelling Blade> #37", "action_flag": 1, "change_message": "[{\"added\": {}}]"}}, {"model": "admin.logentry", "pk": 250, "fields": {"action_time": "2024-09-22T16:49:38.497Z", "user": 1, "content_type": 13, "object_id": "38", "object_repr": "<Pangolier> <3rd position semi-carry Pangolier> <Late game> <Wrapper Boots of Speed> #38", "action_flag": 1, "change_message": "[{\"added\": {}}]"}}, {"model": "admin.logentry", "pk": 251, "fields": {"action_time": "2024-09-22T16:50:31.778Z", "user": 1, "content_type": 13, "object_id": "39", "object_repr": "<Pangolier> <3rd position semi-carry Pangolier> <Late game> <Wrapper Monkey King Bar> #39", "action_flag": 1, "change_message": "[{\"added\": {}}]"}}, {"model": "admin.logentry", "pk": 252, "fields": {"action_time": "2024-09-22T16:50:45.113Z", "user": 1, "content_type": 13, "object_id": "40", "object_repr": "<Pangolier> <3rd position semi-carry Pangolier> <Late game> <Wrapper Skull Basher> #40", "action_flag": 1, "change_message": "[{\"added\": {}}]"}}, {"model": "admin.logentry", "pk": 253, "fields": {"action_time": "2024-09-22T16:51:05.827Z", "user": 1, "content_type": 13, "object_id": "41", "object_repr": "<Pangolier> <3rd position semi-carry Pangolier> <Late game> <Wrapper Aghanim's Scepter> #41", "action_flag": 1, "change_message": "[{\"added\": {}}]"}}, {"model": "admin.logentry", "pk": 254, "fields": {"action_time": "2024-09-22T16:51:58.924Z", "user": 1, "content_type": 13, "object_id": "42", "object_repr": "<Pangolier> <3rd position semi-carry Pangolier> <Late game> <Wrapper Manta Style> #42", "action_flag": 1, "change_message": "[{\"added\": {}}]"}}, {"model": "admin.logentry", "pk": 255, "fields": {"action_time": "2024-09-22T16:52:25.551Z", "user": 1, "content_type": 13, "object_id": "43", "object_repr": "<Pangolier> <3rd position semi-carry Pangolier> <Late game> <Wrapper Maelstrom> #43", "action_flag": 1, "change_message": "[{\"added\": {}}]"}}, {"model": "admin.logentry", "pk": 256, "fields": {"action_time": "2024-09-22T17:00:10.421Z", "user": 1, "content_type": 15, "object_id": "1", "object_repr": "<Pangolier> <3rd position semi-carry Pangolier> <Swashbckle max>", "action_flag": 1, "change_message": "[{\"added\": {}}]"}}, {"model": "admin.logentry", "pk": 257, "fields": {"action_time": "2024-09-22T17:00:39.086Z", "user": 1, "content_type": 18, "object_id": "1", "object_repr": "<Pangolier> <3rd position semi-carry Pangolier> <Swashbckle max> <Skill Order #1>", "action_flag": 1, "change_message": "[{\"added\": {}}]"}}, {"model": "admin.logentry", "pk": 258, "fields": {"action_time": "2024-09-22T17:00:59.927Z", "user": 1, "content_type": 18, "object_id": "2", "object_repr": "<Pangolier> <3rd position semi-carry Pangolier> <Swashbckle max> <Skill Order #2>", "action_flag": 1, "change_message": "[{\"added\": {}}]"}}, {"model": "admin.logentry", "pk": 259, "fields": {"action_time": "2024-09-22T17:05:39.441Z", "user": 1, "content_type": 18, "object_id": "3", "object_repr": "<Pangolier> <3rd position semi-carry Pangolier> <Swashbckle max> <Skill Order #3>", "action_flag": 1, "change_message": "[{\"added\": {}}]"}}, {"model": "admin.logentry", "pk": 260, "fields": {"action_time": "2024-09-22T17:05:58.326Z", "user": 1, "content_type": 18, "object_id": "4", "object_repr": "<Pangolier> <3rd position semi-carry Pangolier> <Swashbckle max> <Skill Order #4>", "action_flag": 1, "change_message": "[{\"added\": {}}]"}}, {"model": "admin.logentry", "pk": 261, "fields": {"action_time": "2024-09-22T17:19:02.151Z", "user": 1, "content_type": 15, "object_id": "2", "object_repr": "<Pangolier> <3rd position semi-carry Pangolier> <Lucky shot max>", "action_flag": 1, "change_message": "[{\"added\": {}}]"}}, {"model": "admin.logentry", "pk": 262, "fields": {"action_time": "2024-09-22T17:19:08.202Z", "user": 1, "content_type": 15, "object_id": "2", "object_repr": "<Pangolier> <3rd position semi-carry Pangolier> <Lucky shot max>", "action_flag": 2, "change_message": "[{\"changed\": {\"fields\": [\"Display order\"]}}]"}}, {"model": "admin.logentry", "pk": 263, "fields": {"action_time": "2024-09-23T08:04:38.184Z", "user": 1, "content_type": 15, "object_id": "3", "object_repr": "<Axe> <Hard lane (3-d position)> <Через крутилку>", "action_flag": 1, "change_message": "[{\"added\": {}}]"}}, {"model": "admin.logentry", "pk": 264, "fields": {"action_time": "2024-09-23T08:05:07.405Z", "user": 1, "content_type": 18, "object_id": "5", "object_repr": "<Axe> <Hard lane (3-d position)> <Через крутилку> <Skill Order #5>", "action_flag": 1, "change_message": "[{\"added\": {}}]"}}, {"model": "admin.logentry", "pk": 265, "fields": {"action_time": "2024-09-23T08:05:19.089Z", "user": 1, "content_type": 18, "object_id": "5", "object_repr": "<Axe> <Hard lane (3-d position)> <Через крутилку> <Skill Order #5>", "action_flag": 2, "change_message": "[{\"changed\": {\"fields\": [\"Skill\"]}}]"}}, {"model": "admin.logentry", "pk": 266, "fields": {"action_time": "2024-09-23T08:05:32.566Z", "user": 1, "content_type": 18, "object_id": "6", "object_repr": "<Axe> <Hard lane (3-d position)> <Через крутилку> <Skill Order #6>", "action_flag": 1, "change_message": "[{\"added\": {}}]"}}, {"model": "admin.logentry", "pk": 267, "fields": {"action_time": "2024-09-23T08:05:41.962Z", "user": 1, "content_type": 18, "object_id": "7", "object_repr": "<Axe> <Hard lane (3-d position)> <Через крутилку> <Skill Order #7>", "action_flag": 1, "change_message": "[{\"added\": {}}]"}}, {"model": "admin.logentry", "pk": 268, "fields": {"action_time": "2024-09-23T08:05:51.824Z", "user": 1, "content_type": 18, "object_id": "8", "object_repr": "<Axe> <Hard lane (3-d position)> <Через крутилку> <Skill Order #8>", "action_flag": 1, "change_message": "[{\"added\": {}}]"}}, {"model": "admin.logentry", "pk": 269, "fields": {"action_time": "2024-09-23T08:05:59.375Z", "user": 1, "content_type": 18, "object_id": "9", "object_repr": "<Axe> <Hard lane (3-d position)> <Через крутилку> <Skill Order #9>", "action_flag": 1, "change_message": "[{\"added\": {}}]"}}, {"model": "admin.logentry", "pk": 270, "fields": {"action_time": "2024-09-23T08:06:06.099Z", "user": 1, "content_type": 18, "object_id": "10", "object_repr": "<Axe> <Hard lane (3-d position)> <Через крутилку> <Skill Order #10>", "action_flag": 1, "change_message": "[{\"added\": {}}]"}}, {"model": "admin.logentry", "pk": 271, "fields": {"action_time": "2024-09-25T17:37:40.060Z", "user": 1, "content_type": 17, "object_id": "6", "object_repr": "asdf", "action_flag": 1, "change_message": "[{\"added\": {}}]"}}, {"model": "admin.logentry", "pk": 272, "fields": {"action_time": "2024-09-25T17:37:57.645Z", "user": 1, "content_type": 7, "object_id": "19", "object_repr": "Ivan", "action_flag": 2, "change_message": "[{\"changed\": {\"fields\": [\"Attribute\"]}}]"}}, {"model": "admin.logentry", "pk": 273, "fields": {"action_time": "2024-09-25T17:38:21.580Z", "user": 1, "content_type": 17, "object_id": "6", "object_repr": "Чакра простору", "action_flag": 2, "change_message": "[{\"changed\": {\"fields\": [\"Attribute name\"]}}]"}}, {"model": "admin.logentry", "pk": 274, "fields": {"action_time": "2024-09-25T17:38:33.226Z", "user": 1, "content_type": 17, "object_id": "6", "object_repr": "Чакра простору", "action_flag": 2, "change_message": "[{\"changed\": {\"fields\": [\"Display order\"]}}]"}}, {"model": "admin.logentry", "pk": 275, "fields": {"action_time": "2024-09-25T17:38:37.561Z", "user": 1, "content_type": 17, "object_id": "2", "object_repr": "Strength", "action_flag": 2, "change_message": "[{\"changed\": {\"fields\": [\"Display order\"]}}]"}}, {"model": "admin.logentry", "pk": 276, "fields": {"action_time": "2024-09-25T17:38:48.114Z", "user": 1, "content_type": 17, "object_id": "4", "object_repr": "Agility", "action_flag": 2, "change_message": "[{\"changed\": {\"fields\": [\"Display order\"]}}]"}}, {"model": "admin.logentry", "pk": 277, "fields": {"action_time": "2024-09-25T17:38:51.052Z", "user": 1, "content_type": 17, "object_id": "3", "object_repr": "Intelligence", "action_flag": 2, "change_message": "[{\"changed\": {\"fields\": [\"Display order\"]}}]"}}, {"model": "admin.logentry", "pk": 278, "fields": {"action_time": "2024-09-25T17:38:53.693Z", "user": 1, "content_type": 17, "object_id": "1", "object_repr": "Universal", "action_flag": 2, "change_message": "[{\"changed\": {\"fields\": [\"Display order\"]}}]"}}, {"model": "admin.logentry", "pk": 279, "fields": {"action_time": "2024-09-25T19:00:07.238Z", "user": 1, "content_type": 17, "object_id": "6", "object_repr": "Чарка простору", "action_flag": 2, "change_message": "[{\"changed\": {\"fields\": [\"Attribute name\"]}}]"}}, {"model": "admin.logentry", "pk": 280, "fields": {"action_time": "2024-09-27T20:57:03.339Z", "user": 1, "content_type": 4, "object_id": "2", "object_repr": "ivan", "action_flag": 1, "change_message": "[{\"added\": {}}]"}}, {"model": "auth.permission", "pk": 1, "fields": {"name": "Can add log entry", "content_type": 1, "codename": "add_logentry"}}, {"model": "auth.permission", "pk": 2, "fields": {"name": "Can change log entry", "content_type": 1, "codename": "change_logentry"}}, {"model": "auth.permission", "pk": 3, "fields": {"name": "Can delete log entry", "content_type": 1, "codename": "delete_logentry"}}, {"model": "auth.permission", "pk": 4, "fields": {"name": "Can view log entry", "content_type": 1, "codename": "view_logentry"}}, {"model": "auth.permission", "pk": 5, "fields": {"name": "Can add permission", "content_type": 2, "codename": "add_permission"}}, {"model": "auth.permission", "pk": 6, "fields": {"name": "Can change permission", "content_type": 2, "codename": "change_permission"}}, {"model": "auth.permission", "pk": 7, "fields": {"name": "Can delete permission", "content_type": 2, "codename": "delete_permission"}}, {"model": "auth.permission", "pk": 8, "fields": {"name": "Can view permission", "content_type": 2, "codename": "view_permission"}}, {"model": "auth.permission", "pk": 9, "fields": {"name": "Can add group", "content_type": 3, "codename": "add_group"}}, {"model": "auth.permission", "pk": 10, "fields": {"name": "Can change group", "content_type": 3, "codename": "change_group"}}, {"model": "auth.permission", "pk": 11, "fields": {"name": "Can delete group", "content_type": 3, "codename": "delete_group"}}, {"model": "auth.permission", "pk": 12, "fields": {"name": "Can view group", "content_type": 3, "codename": "view_group"}}, {"model": "auth.permission", "pk": 13, "fields": {"name": "Can add user", "content_type": 4, "codename": "add_user"}}, {"model": "auth.permission", "pk": 14, "fields": {"name": "Can change user", "content_type": 4, "codename": "change_user"}}, {"model": "auth.permission", "pk": 15, "fields": {"name": "Can delete user", "content_type": 4, "codename": "delete_user"}}, {"model": "auth.permission", "pk": 16, "fields": {"name": "Can view user", "content_type": 4, "codename": "view_user"}}, {"model": "auth.permission", "pk": 17, "fields": {"name": "Can add content type", "content_type": 5, "codename": "add_contenttype"}}, {"model": "auth.permission", "pk": 18, "fields": {"name": "Can change content type", "content_type": 5, "codename": "change_contenttype"}}, {"model": "auth.permission", "pk": 19, "fields": {"name": "Can delete content type", "content_type": 5, "codename": "delete_contenttype"}}, {"model": "auth.permission", "pk": 20, "fields": {"name": "Can view content type", "content_type": 5, "codename": "view_contenttype"}}, {"model": "auth.permission", "pk": 21, "fields": {"name": "Can add session", "content_type": 6, "codename": "add_session"}}, {"model": "auth.permission", "pk": 22, "fields": {"name": "Can change session", "content_type": 6, "codename": "change_session"}}, {"model": "auth.permission", "pk": 23, "fields": {"name": "Can delete session", "content_type": 6, "codename": "delete_session"}}, {"model": "auth.permission", "pk": 24, "fields": {"name": "Can view session", "content_type": 6, "codename": "view_session"}}, {"model": "auth.permission", "pk": 25, "fields": {"name": "Can add hero", "content_type": 7, "codename": "add_hero"}}, {"model": "auth.permission", "pk": 26, "fields": {"name": "Can change hero", "content_type": 7, "codename": "change_hero"}}, {"model": "auth.permission", "pk": 27, "fields": {"name": "Can delete hero", "content_type": 7, "codename": "delete_hero"}}, {"model": "auth.permission", "pk": 28, "fields": {"name": "Can view hero", "content_type": 7, "codename": "view_hero"}}, {"model": "auth.permission", "pk": 29, "fields": {"name": "Can add build", "content_type": 8, "codename": "add_build"}}, {"model": "auth.permission", "pk": 30, "fields": {"name": "Can change build", "content_type": 8, "codename": "change_build"}}, {"model": "auth.permission", "pk": 31, "fields": {"name": "Can delete build", "content_type": 8, "codename": "delete_build"}}, {"model": "auth.permission", "pk": 32, "fields": {"name": "Can view build", "content_type": 8, "codename": "view_build"}}, {"model": "auth.permission", "pk": 33, "fields": {"name": "Can add item", "content_type": 9, "codename": "add_item"}}, {"model": "auth.permission", "pk": 34, "fields": {"name": "Can change item", "content_type": 9, "codename": "change_item"}}, {"model": "auth.permission", "pk": 35, "fields": {"name": "Can delete item", "content_type": 9, "codename": "delete_item"}}, {"model": "auth.permission", "pk": 36, "fields": {"name": "Can view item", "content_type": 9, "codename": "view_item"}}, {"model": "auth.permission", "pk": 37, "fields": {"name": "Can add talent", "content_type": 10, "codename": "add_talent"}}, {"model": "auth.permission", "pk": 38, "fields": {"name": "Can change talent", "content_type": 10, "codename": "change_talent"}}, {"model": "auth.permission", "pk": 39, "fields": {"name": "Can delete talent", "content_type": 10, "codename": "delete_talent"}}, {"model": "auth.permission", "pk": 40, "fields": {"name": "Can view talent", "content_type": 10, "codename": "view_talent"}}, {"model": "auth.permission", "pk": 41, "fields": {"name": "Can add skill", "content_type": 11, "codename": "add_skill"}}, {"model": "auth.permission", "pk": 42, "fields": {"name": "Can change skill", "content_type": 11, "codename": "change_skill"}}, {"model": "auth.permission", "pk": 43, "fields": {"name": "Can delete skill", "content_type": 11, "codename": "delete_skill"}}, {"model": "auth.permission", "pk": 44, "fields": {"name": "Can view skill", "content_type": 11, "codename": "view_skill"}}, {"model": "auth.permission", "pk": 45, "fields": {"name": "Can add talent wrapper", "content_type": 12, "codename": "add_talentwrapper"}}, {"model": "auth.permission", "pk": 46, "fields": {"name": "Can change talent wrapper", "content_type": 12, "codename": "change_talentwrapper"}}, {"model": "auth.permission", "pk": 47, "fields": {"name": "Can delete talent wrapper", "content_type": 12, "codename": "delete_talentwrapper"}}, {"model": "auth.permission", "pk": 48, "fields": {"name": "Can view talent wrapper", "content_type": 12, "codename": "view_talentwrapper"}}, {"model": "auth.permission", "pk": 49, "fields": {"name": "Can add item wrapper", "content_type": 13, "codename": "add_itemwrapper"}}, {"model": "auth.permission", "pk": 50, "fields": {"name": "Can change item wrapper", "content_type": 13, "codename": "change_itemwrapper"}}, {"model": "auth.permission", "pk": 51, "fields": {"name": "Can delete item wrapper", "content_type": 13, "codename": "delete_itemwrapper"}}, {"model": "auth.permission", "pk": 52, "fields": {"name": "Can view item wrapper", "content_type": 13, "codename": "view_itemwrapper"}}, {"model": "auth.permission", "pk": 53, "fields": {"name": "Can add stage", "content_type": 14, "codename": "add_stage"}}, {"model": "auth.permission", "pk": 54, "fields": {"name": "Can change stage", "content_type": 14, "codename": "change_stage"}}, {"model": "auth.permission", "pk": 55, "fields": {"name": "Can delete stage", "content_type": 14, "codename": "delete_stage"}}, {"model": "auth.permission", "pk": 56, "fields": {"name": "Can view stage", "content_type": 14, "codename": "view_stage"}}, {"model": "auth.permission", "pk": 57, "fields": {"name": "Can add skill build", "content_type": 15, "codename": "add_skillbuild"}}, {"model": "auth.permission", "pk": 58, "fields": {"name": "Can change skill build", "content_type": 15, "codename": "change_skillbuild"}}, {"model": "auth.permission", "pk": 59, "fields": {"name": "Can delete skill build", "content_type": 15, "codename": "delete_skillbuild"}}, {"model": "auth.permission", "pk": 60, "fields": {"name": "Can view skill build", "content_type": 15, "codename": "view_skillbuild"}}, {"model": "auth.permission", "pk": 61, "fields": {"name": "Can add guide", "content_type": 16, "codename": "add_guide"}}, {"model": "auth.permission", "pk": 62, "fields": {"name": "Can change guide", "content_type": 16, "codename": "change_guide"}}, {"model": "auth.permission", "pk": 63, "fields": {"name": "Can delete guide", "content_type": 16, "codename": "delete_guide"}}, {"model": "auth.permission", "pk": 64, "fields": {"name": "Can view guide", "content_type": 16, "codename": "view_guide"}}, {"model": "auth.permission", "pk": 65, "fields": {"name": "Can add attribute", "content_type": 17, "codename": "add_attribute"}}, {"model": "auth.permission", "pk": 66, "fields": {"name": "Can change attribute", "content_type": 17, "codename": "change_attribute"}}, {"model": "auth.permission", "pk": 67, "fields": {"name": "Can delete attribute", "content_type": 17, "codename": "delete_attribute"}}, {"model": "auth.permission", "pk": 68, "fields": {"name": "Can view attribute", "content_type": 17, "codename": "view_attribute"}}, {"model": "auth.permission", "pk": 69, "fields": {"name": "Can add skill order", "content_type": 18, "codename": "add_skillorder"}}, {"model": "auth.permission", "pk": 70, "fields": {"name": "Can change skill order", "content_type": 18, "codename": "change_skillorder"}}, {"model": "auth.permission", "pk": 71, "fields": {"name": "Can delete skill order", "content_type": 18, "codename": "delete_skillorder"}}, {"model": "auth.permission", "pk": 72, "fields": {"name": "Can view skill order", "content_type": 18, "codename": "view_skillorder"}}, {"model": "auth.permission", "pk": 73, "fields": {"name": "Can add Token", "content_type": 19, "codename": "add_token"}}, {"model": "auth.permission", "pk": 74, "fields": {"name": "Can change Token", "content_type": 19, "codename": "change_token"}}, {"model": "auth.permission", "pk": 75, "fields": {"name": "Can delete Token", "content_type": 19, "codename": "delete_token"}}, {"model": "auth.permission", "pk": 76, "fields": {"name": "Can view Token", "content_type": 19, "codename": "view_token"}}, {"model": "auth.permission", "pk": 77, "fields": {"name": "Can add Token", "content_type": 20, "codename": "add_tokenproxy"}}, {"model": "auth.permission", "pk": 78, "fields": {"name": "Can change Token", "content_type": 20, "codename": "change_tokenproxy"}}, {"model": "auth.permission", "pk": 79, "fields": {"name": "Can delete Token", "content_type": 20, "codename": "delete_tokenproxy"}}, {"model": "auth.permission", "pk": 80, "fields": {"name": "Can view Token", "content_type": 20, "codename": "view_tokenproxy"}}, {"model": "auth.user", "pk": 1, "fields": {"password": "pbkdf2_sha256$870000$tiJrCX9evVmch9oTkDMAEe$3LJnCsnLIchB54WsyYJRKWqCtFYOvUJIi86uCudJtBs=", "last_login": "2024-09-20T08:14:12.826Z", "is_superuser": true, "username": "admin", "first_name": "", "last_name": "", "email": "", "is_staff": true, "is_active": true, "date_joined": "2024-09-07T13:01:57.502Z", "groups": [], "user_permissions": []}}, {"model": "auth.user", "pk": 2, "fields": {"password": "pbkdf2_sha256$870000$QSpnQIlmqYWOl9NCNT8Nfy$Le78FUoyP1yV0vl1MPCLLWmsd7Z22WG3kvBWk8XPhnE=", "last_login": null, "is_superuser": false, "username": "ivan", "first_name": "", "last_name": "", "email": "", "is_staff": false, "is_active": true, "date_joined": "2024-09-27T20:57:02.652Z", "groups": [], "user_permissions": []}}, {"model": "contenttypes.contenttype", "pk": 1, "fields": {"app_label": "admin", "model": "logentry"}}, {"model": "contenttypes.contenttype", "pk": 2, "fields": {"app_label": "auth", "model": "permission"}}, {"model": "contenttypes.contenttype", "pk": 3, "fields": {"app_label": "auth", "model": "group"}}, {"model": "contenttypes.contenttype", "pk": 4, "fields": {"app_label": "auth", "model": "user"}}, {"model": "contenttypes.contenttype", "pk": 5, "fields": {"app_label": "contenttypes", "model": "contenttype"}}, {"model": "contenttypes.contenttype", "pk": 6, "fields": {"app_label": "sessions", "model": "session"}}, {"model": "contenttypes.contenttype", "pk": 7, "fields": {"app_label": "default_dota_app", "model": "hero"}}, {"model": "contenttypes.contenttype", "pk": 8, "fields": {"app_label": "default_dota_app", "model": "build"}}, {"model": "contenttypes.contenttype", "pk": 9, "fields": {"app_label": "default_dota_app", "model": "item"}}, {"model": "contenttypes.contenttype", "pk": 10, "fields": {"app_label": "default_dota_app", "model": "talent"}}, {"model": "contenttypes.contenttype", "pk": 11, "fields": {"app_label": "default_dota_app", "model": "skill"}}, {"model": "contenttypes.contenttype", "pk": 12, "fields": {"app_label": "default_dota_app", "model": "talentwrapper"}}, {"model": "contenttypes.contenttype", "pk": 13, "fields": {"app_label": "default_dota_app", "model": "itemwrapper"}}, {"model": "contenttypes.contenttype", "pk": 14, "fields": {"app_label": "default_dota_app", "model": "stage"}}, {"model": "contenttypes.contenttype", "pk": 15, "fields": {"app_label": "default_dota_app", "model": "skillbuild"}}, {"model": "contenttypes.contenttype", "pk": 16, "fields": {"app_label": "default_dota_app", "model": "guide"}}, {"model": "contenttypes.contenttype", "pk": 17, "fields": {"app_label": "default_dota_app", "model": "attribute"}}, {"model": "contenttypes.contenttype", "pk": 18, "fields": {"app_label": "default_dota_app", "model": "skillorder"}}, {"model": "contenttypes.contenttype", "pk": 19, "fields": {"app_label": "authtoken", "model": "token"}}, {"model": "contenttypes.contenttype", "pk": 20, "fields": {"app_label": "authtoken", "model": "tokenproxy"}}, {"model": "sessions.session", "pk": "9e02a3nfc6d75157f5sgps6791t0soa7", "fields": {"session_data": ".eJxVjEsOAiEQBe_C2pDG5iMu3XsG0kAjowaSYWZlvLtOMgvdvqp6LxFoXWpYB89hyuIslDj8bpHSg9sG8p3arcvU2zJPUW6K3OmQ1575edndv4NKo35rDdoRczblpC0wglJOeYNcjPL2aIoHBx4ToUfk5DIDOa0ZYqHiwIr3B8EAN0M:1sqBHB:oYdHTaTXXx1NgifJkSBKR6iI1t_niicMq4oV51g7MLo", "expire_date": "2024-09-30T12:56:21.861Z"}}, {"model": "sessions.session", "pk": "9k8xudbec5vhoi2wxtipwbg5vdijwhv2", "fields": {"session_data": ".eJxVjEEOwiAQRe_C2pAOY4Fx6b5nIAMMUjVtUtqV8e7apAvd_vfef6nA21rD1mQJY1YXBer0u0VOD5l2kO883Wad5mldxqh3RR-06WHO8rwe7t9B5Va_defQQw8kIAgd-YhShInAoAFne3SMWNDalMkh-lQMO-GOzsQpFqfeH6-NNx8:1soS5A:b5CgfJnyLa935mAtSnzBQbd4Eu7HrS5ZQI7Tu_vbDJs", "expire_date": "2024-09-25T18:28:48.997Z"}}, {"model": "sessions.session", "pk": "fq8fjba58puyfzaje533zcdnb8kimuz4", "fields": {"session_data": ".eJxVjEsOAiEQBe_C2pDG5iMu3XsG0kAjowaSYWZlvLtOMgvdvqp6LxFoXWpYB89hyuIslDj8bpHSg9sG8p3arcvU2zJPUW6K3OmQ1575edndv4NKo35rDdoRczblpC0wglJOeYNcjPL2aIoHBx4ToUfk5DIDOa0ZYqHiwIr3B8EAN0M:1smv50:FDgOWfzzZcGCs26PapAj-xp78VHMjINiXVlzAruxsWA", "expire_date": "2024-09-21T13:02:18.170Z"}}, {"model": "sessions.session", "pk": "oiclywuo4e4dxwyo5qpkhci506ag3ulg", "fields": {"session_data": ".eJxVjEEOwiAQRe_C2pAOY4Fx6b5nIAMMUjVtUtqV8e7apAvd_vfef6nA21rD1mQJY1YXBer0u0VOD5l2kO883Wad5mldxqh3RR-06WHO8rwe7t9B5Va_defQQw8kIAgd-YhShInAoAFne3SMWNDalMkh-lQMO-GOzsQpFqfeH6-NNx8:1snheq:1yI5sAg6yhy8K0naKNWodFiwu42Mqnya_BbZEDKGjew", "expire_date": "2024-09-23T16:54:32.268Z"}}, {"model": "sessions.session", "pk": "u00jge0d9g7f34awsdrs8yjckxglcsw9", "fields": {"session_data": ".eJxVjEsOAiEQBe_C2pDG5iMu3XsG0kAjowaSYWZlvLtOMgvdvqp6LxFoXWpYB89hyuIslDj8bpHSg9sG8p3arcvU2zJPUW6K3OmQ1575edndv4NKo35rDdoRczblpC0wglJOeYNcjPL2aIoHBx4ToUfk5DIDOa0ZYqHiwIr3B8EAN0M:1sqVls:Q_UPW3WxqEwTDYWAxB41qmpmGwo4ZSFM2y3hjo6rQSE", "expire_date": "2024-10-01T10:49:24.913Z"}}, {"model": "sessions.session", "pk": "u4s6qdr0zqie9wo3nqvpowj71fnhp92r", "fields": {"session_data": ".eJxVjDsOwjAQBe_iGlmsHX-Wkj5niHbtNQ6gRIqTCnF3iJQC2jcz76UG2tY6bE2WYczqokCdfjem9JBpB_lO023WaZ7WZWS9K_qgTfdzluf1cP8OKrX6rZ21aEonGAJgRAFLxjBTtIaLYC6d9wDABBLBuxKik5Q5IMo5JhfV-wPMjDeS:1sncYt:Cl6WT9FmLcrb7goHzYuAzAJ9a4ifgWJq9VIBCj4sFQA", "expire_date": "2024-09-23T11:28:03.848Z"}}, {"model": "sessions.session", "pk": "utyym5zfyvhg090yrb51n2vblup6ho2t", "fields": {"session_data": ".eJxVjEsOAiEQBe_C2pDG5iMu3XsG0kAjowaSYWZlvLtOMgvdvqp6LxFoXWpYB89hyuIslDj8bpHSg9sG8p3arcvU2zJPUW6K3OmQ1575edndv4NKo35rDdoRczblpC0wglJOeYNcjPL2aIoHBx4ToUfk5DIDOa0ZYqHiwIr3B8EAN0M:1sqBg9:YbeKzAKJrqzbPlFUSvhGW8uIAZUazYd2PnbQnwMAo7w", "expire_date": "2024-09-30T13:22:09.893Z"}}, {"model": "sessions.session", "pk": "x2b54u4asyt0xtc0zbh138ygtb7cynih", "fields": {"session_data": ".eJxVjEsOAiEQBe_C2pDG5iMu3XsG0kAjowaSYWZlvLtOMgvdvqp6LxFoXWpYB89hyuIslDj8bpHSg9sG8p3arcvU2zJPUW6K3OmQ1575edndv4NKo35rDdoRczblpC0wglJOeYNcjPL2aIoHBx4ToUfk5DIDOa0ZYqHiwIr3B8EAN0M:1srYmK:I5x-VBn9ACdFDG3f1XiPHAvuPJ6WgO5C3BvPVt14yH0", "expire_date": "2024-10-04T08:14:12.828Z"}}, {"model": "sessions.session", "pk": "xq9na4xcqm3qoru3mib8eju13bmxrvgd", "fields": {"session_data": ".eJxVjEsOAiEQBe_C2pDG5iMu3XsG0kAjowaSYWZlvLtOMgvdvqp6LxFoXWpYB89hyuIslDj8bpHSg9sG8p3arcvU2zJPUW6K3OmQ1575edndv4NKo35rDdoRczblpC0wglJOeYNcjPL2aIoHBx4ToUfk5DIDOa0ZYqHiwIr3B8EAN0M:1srXnZ:_zZMDAVCJKnolI2Ij5sntaSwp2u8drKZ22JU0q6-SeY", "expire_date": "2024-10-04T07:11:25.881Z"}}, {"model": "default_dota_app.attribute", "pk": 1, "fields": {"attribute_name": "Universal", "img": "attributes/Universal_oILFu3z.png", "display_order": 5}}, {"model": "default_dota_app.attribute", "pk": 2, "fields": {"attribute_name": "Strength", "img": "attributes/Strength_fQbARIX.png", "display_order": 2}}, {"model": "default_dota_app.attribute", "pk": 3, "fields": {"attribute_name": "Intelligence", "img": "attributes/Intelligence_NwZ6tWT.png", "display_order": 4}}, {"model": "default_dota_app.attribute", "pk": 4, "fields": {"attribute_name": "Agility", "img": "attributes/Agility_2b0X5QD.png", "display_order": 3}}, {"model": "default_dota_app.attribute", "pk": 6, "fields": {"attribute_name": "Чарка простору", "img": "", "display_order": 1}}, {"model": "default_dota_app.hero", "pk": 2, "fields": {"hero_name": "Abaddon", "attribute": 1, "img": "heroes/abaddon.jpg"}}, {"model": "default_dota_app.hero", "pk": 3, "fields": {"hero_name": "Juggernaut", "attribute": 4, "img": "heroes/juggernaut.jpg"}}, {"model": "default_dota_app.hero", "pk": 4, "fields": {"hero_name": "Dark Willow", "attribute": 1, "img": "heroes/dark_willow.jpg"}}, {"model": "default_dota_app.hero", "pk": 7, "fields": {"hero_name": "Arc warden", "attribute": 4, "img": "heroes/arc_warden.jpg"}}, {"model": "default_dota_app.hero", "pk": 8, "fields": {"hero_name": "Axe", "attribute": 2, "img": "heroes/axe_Gk90n5Z.jpg"}}, {"model": "default_dota_app.hero", "pk": 16, "fields": {"hero_name": "Pudge", "attribute": 2, "img": "heroes/pudge.jpg"}}, {"model": "default_dota_app.hero", "pk": 17, "fields": {"hero_name": "Crystal Maiden", "attribute": 3, "img": "heroes/crystal_maiden.jpg"}}, {"model": "default_dota_app.hero", "pk": 18, "fields": {"hero_name": "Ancient Apparation", "attribute": 3, "img": "heroes/ancient_apparation.jpg"}}, {"model": "default_dota_app.hero", "pk": 19, "fields": {"hero_name": "Ivan", "attribute": 6, "img": "heroes/IMG_20240920_110809_400.jpg"}}, {"model": "default_dota_app.hero", "pk": 20, "fields": {"hero_name": "Alchemist", "attribute": 2, "img": "heroes/alchemist.jpg"}}, {"model": "default_dota_app.hero", "pk": 21, "fields": {"hero_name": "Anti-Mage", "attribute": 4, "img": "heroes/antimage.jpg"}}, {"model": "default_dota_app.hero", "pk": 22, "fields": {"hero_name": "Centaur Warrunner", "attribute": 2, "img": "heroes/сentaur.jpg"}}, {"model": "default_dota_app.hero", "pk": 23, "fields": {"hero_name": "Chaos Knight", "attribute": 2, "img": "heroes/ChaosKnight.jpg"}}, {"model": "default_dota_app.hero", "pk": 24, "fields": {"hero_name": "Dawnbreaker", "attribute": 2, "img": "heroes/Dawnbreaker.jpg"}}, {"model": "default_dota_app.hero", "pk": 25, "fields": {"hero_name": "Doom", "attribute": 2, "img": "heroes/Doom.jpg"}}, {"model": "default_dota_app.hero", "pk": 26, "fields": {"hero_name": "Dragon Knight", "attribute": 2, "img": "heroes/DragonKnight.jpg"}}, {"model": "default_dota_app.hero", "pk": 29, "fields": {"hero_name": "Artem", "attribute": 4, "img": "heroes/IMG_20240920_111239_670.jpg"}}, {"model": "default_dota_app.hero", "pk": 30, "fields": {"hero_name": "Zeus", "attribute": 3, "img": "heroes/1000002746.jpg"}}, {"model": "default_dota_app.hero", "pk": 31, "fields": {"hero_name": "Wraith King", "attribute": 2, "img": "heroes/1000002747.jpg"}}, {"model": "default_dota_app.hero", "pk": 32, "fields": {"hero_name": "Beastmaster", "attribute": 1, "img": "heroes/1000002748.jpg"}}, {"model": "default_dota_app.hero", "pk": 33, "fields": {"hero_name": "Hoodwink", "attribute": 4, "img": "heroes/1000002749.jpg"}}, {"model": "default_dota_app.hero", "pk": 34, "fields": {"hero_name": "Grimstroke", "attribute": 3, "img": "heroes/1000002750.jpg"}}, {"model": "default_dota_app.hero", "pk": 35, "fields": {"hero_name": "Sand King", "attribute": 1, "img": "heroes/1000002751.jpg"}}, {"model": "default_dota_app.hero", "pk": 36, "fields": {"hero_name": "Tidehunter", "attribute": 2, "img": "heroes/1000002752.jpg"}}, {"model": "default_dota_app.hero", "pk": 37, "fields": {"hero_name": "Phantom Assassin", "attribute": 4, "img": "heroes/1000002753.jpg"}}, {"model": "default_dota_app.hero", "pk": 38, "fields": {"hero_name": "Mirana", "attribute": 1, "img": "heroes/1000002754.jpg"}}, {"model": "default_dota_app.hero", "pk": 39, "fields": {"hero_name": "Invoker", "attribute": 1, "img": "heroes/1000002755.jpg"}}, {"model": "default_dota_app.hero", "pk": 40, "fields": {"hero_name": "Ursa", "attribute": 4, "img": "heroes/1000002756.jpg"}}, {"model": "default_dota_app.hero", "pk": 41, "fields": {"hero_name": "Weaver", "attribute": 4, "img": "heroes/1000002758.jpg"}}, {"model": "default_dota_app.hero", "pk": 42, "fields": {"hero_name": "Phantom Lancer", "attribute": 4, "img": "heroes/1000002759.jpg"}}, {"model": "default_dota_app.hero", "pk": 43, "fields": {"hero_name": "Spectre", "attribute": 4, "img": "heroes/1000002760.jpg"}}, {"model": "default_dota_app.hero", "pk": 44, "fields": {"hero_name": "Pangolier", "attribute": 1, "img": "heroes/pangolier.jpg"}}, {"model": "default_dota_app.guide", "pk": 2, "fields": {"user": 1, "hero": 8, "guide_title": "Hard lane (3-d position)", "guide_description": "", "display_order": 1}}, {"model": "default_dota_app.guide", "pk": 3, "fields": {"user": 1, "hero": 4, "guide_title": "Support (4 pos)", "guide_description": "", "display_order": 1}}, {"model": "default_dota_app.guide", "pk": 4, "fields": {"user": 1, "hero": 16, "guide_title": "Гойд на мідового Пуджа", "guide_description": "Швидко качаєшся і робиш атятя", "display_order": 1}}, {"model": "default_dota_app.guide", "pk": 5, "fields": {"user": 1, "hero": 31, "guide_title": "Easy lane 666 tarasks", "guide_description": "Tank", "display_order": 1}}, {"model": "default_dota_app.guide", "pk": 6, "fields": {"user": 1, "hero": 44, "guide_title": "3rd position semi-carry Pangolier", "guide_description": "This guide describes how you should play passive and farming Pangolier as 3rd position, occasionally helping team whenever ultimate is available. By following this guide, you should be winning your enemy with the overwhelming amount of items.", "display_order": 1}}, {"model": "default_dota_app.guide", "pk": 7, "fields": {"user": 2, "hero": 8, "guide_title": "работяга гайд", "guide_description": "", "display_order": 2}}, {"model": "default_dota_app.stage", "pk": 4, "fields": {"guide": 2, "stage_name": "Early game", "stage_description": ""}}, {"model": "default_dota_app.stage", "pk": 5, "fields": {"guide": 2, "stage_name": "Mid game", "stage_description": ""}}, {"model": "default_dota_app.stage", "pk": 6, "fields": {"guide": 2, "stage_name": "Late game", "stage_description": ""}}, {"model": "default_dota_app.stage", "pk": 7, "fields": {"guide": 3, "stage_name": "Early game", "stage_description": ""}}, {"model": "default_dota_app.stage", "pk": 8, "fields": {"guide": 3, "stage_name": "Mid game", "stage_description": ""}}, {"model": "default_dota_app.stage", "pk": 9, "fields": {"guide": 3, "stage_name": "Late game", "stage_description": ""}}, {"model": "default_dota_app.stage", "pk": 10, "fields": {"guide": 4, "stage_name": "Нагинання з черевиком", "stage_description": ""}}, {"model": "default_dota_app.stage", "pk": 11, "fields": {"guide": 4, "stage_name": "Нагинання з блінком", "stage_description": ""}}, {"model": "default_dota_app.stage", "pk": 12, "fields": {"guide": 4, "stage_name": "Нагинання з Тарасом", "stage_description": ""}}, {"model": "default_dota_app.stage", "pk": 13, "fields": {"guide": 5, "stage_name": "Early game", "stage_description": "Farm crips"}}, {"model": "default_dota_app.stage", "pk": 14, "fields": {"guide": 5, "stage_name": "Mid game", "stage_description": "Get rich or die trying"}}, {"model": "default_dota_app.stage", "pk": 15, "fields": {"guide": 5, "stage_name": "Late game", "stage_description": "6 tarrasks unkillable king destroys enemies' throne"}}, {"model": "default_dota_app.stage", "pk": 16, "fields": {"guide": 6, "stage_name": "Early game", "stage_description": "Hit creeps Hit creeps Hit creeps Hit creeps Hit creeps Hit creeps Hit creeps Hit creeps Hit creeps Hit creeps Hit creeps Hit creeps Hit creeps Hit creeps Hit creeps Hit creeps Hit creeps Hit creeps Hit creeps Hit creeps Hit creeps Hit creeps Hit creeps Hit creeps Hit creeps Hit creeps Hit creeps Hit creeps Hit creeps Hit creeps Hit creeps Hit creeps Hit creeps Hit creeps Hit creeps Hit creeps Hit creeps Hit creeps Hit creeps Hit creeps Hit creeps Hit creeps Hit creeps Hit creeps Hit creeps"}}, {"model": "default_dota_app.stage", "pk": 17, "fields": {"guide": 6, "stage_name": "Mid game", "stage_description": "Hit jungle Hit jungle Hit jungle Hit jungle Hit jungle Hit jungle Hit jungle Hit jungle Hit jungle Hit jungle Hit jungle Hit jungle Hit jungle Hit jungle Hit jungle Hit jungle Hit jungle Hit jungle Hit jungle Hit jungle Hit jungle Hit jungle Hit jungle Hit jungle Hit jungle Hit jungle Hit jungle Hit jungle Hit jungle Hit jungle Hit jungle Hit jungle Hit jungle Hit jungle Hit jungle Hit jungle Hit jungle Hit jungle Hit jungle Hit jungle Hit jungle Hit jungle Hit jungle Hit jungle Hit jungle Hit jungle Hit jungle Hit jungle Hit jungle Hit jungle Hit jungle Hit jungle Hit jungle Hit jungle Hit jungle Hit jungle Hit jungle Hit jungle Hit jungle Hit jungle Hit jungle Hit jungle Hit jungle Hit jungle Hit jungle Hit jungle Hit jungle Hit jungle Hit jungle Hit jungle Hit jungle Hit jungle Hit jungle Hit jungle Hit jungle"}}, {"model": "default_dota_app.stage", "pk": 18, "fields": {"guide": 6, "stage_name": "Late game", "stage_description": "Hit heroes Hit heroes Hit heroes Hit heroes Hit heroes Hit heroes Hit heroes Hit heroes Hit heroes Hit heroes Hit heroes Hit heroes Hit heroes Hit heroes Hit heroes Hit heroes Hit heroes Hit heroes Hit heroes Hit heroes Hit heroes Hit heroes Hit heroes Hit heroes Hit heroes Hit heroes Hit heroes Hit heroes Hit heroes Hit heroes Hit heroes Hit heroes Hit heroes Hit heroes Hit heroes Hit heroes Hit heroes Hit heroes Hit heroes Hit heroes Hit heroes Hit heroes Hit heroes Hit heroes Hit heroes Hit heroes Hit heroes Hit heroes Hit heroes"}}, {"model": "default_dota_app.item", "pk": 1, "fields": {"item_name": "Heart of Tarrasque", "item_description": "Heart of Tarrasque is an item listed at the Main Shop, under Armor. However, it can only be completed with items from the Secret Shop.", "img": "items/heart_of_tarrasque.jpg"}}, {"model": "default_dota_app.item", "pk": 5, "fields": {"item_name": "Observer Ward", "item_description": "Observer Ward is an item purchasable at the Base Shop, under Consumables.", "img": "items/Observer_Ward_icon.png"}}, {"model": "default_dota_app.item", "pk": 6, "fields": {"item_name": "Clarity", "item_description": "Clarity is an item purchasable at the Base Shop, under Consumables", "img": "items/Clarity_icon.png"}}, {"model": "default_dota_app.item", "pk": 7, "fields": {"item_name": "Aghanim's Shard", "item_description": "Aghanim's Shard is an item purchasable at the Base Shop, under Consumables.", "img": "items/Aghanims_Shard_icon.png"}}, {"model": "default_dota_app.item", "pk": 8, "fields": {"item_name": "Healing Salve", "item_description": "The Healing Salve is an item purchasable at the Base Shop, under Consumables. They may also be dug up with a Trusty Shovel icon Trusty Shovel.", "img": "items/Healing_Salve_icon.png"}}, {"model": "default_dota_app.item", "pk": 9, "fields": {"item_name": "Bottle", "item_description": "Bottle is an item purchasable at the Base Shop, under Consumables.", "img": "items/Bottle_Full_icon.png"}}, {"model": "default_dota_app.item", "pk": 10, "fields": {"item_name": "Assault Cuirass", "item_description": "The Assault Cuirass is an item purchasable at the Base Shop, under Armor. However, it can only be completed with items from the Secret Shop.", "img": "items/Assault_Cuirass_icon.png"}}, {"model": "default_dota_app.item", "pk": 11, "fields": {"item_name": "Manta Style", "item_description": "Manta Style is an item purchasable at the Main Shop, under Armor.", "img": "items/Manta_Style_icon.png"}}, {"model": "default_dota_app.item", "pk": 12, "fields": {"item_name": "Boots of Speed", "item_description": "Boots of Speed is an item purchasable at the Base Shop, under Miscellaneous.", "img": "items/Boots_of_Speed_icon.png"}}, {"model": "default_dota_app.item", "pk": 13, "fields": {"item_name": "Blink Dagger", "item_description": "Blink Dagger is an item purchasable at the Base Shop, under Miscellaneous.", "img": "items/Blink_Dagger_icon.png"}}, {"model": "default_dota_app.item", "pk": 14, "fields": {"item_name": "Iron Branch", "item_description": "A seemingly ordinary branch, its ironlike qualities are bestowed upon the bearer.", "img": "items/Iron_Branch_icon.webp"}}, {"model": "default_dota_app.item", "pk": 15, "fields": {"item_name": "Tango", "item_description": "Forage to survive on the battlefield.", "img": "items/Tango_icon.webp"}}, {"model": "default_dota_app.item", "pk": 16, "fields": {"item_name": "Quelling Blade", "item_description": "The axe of a fallen gnome, it allows you to effectively maneuver the forest.", "img": "items/Quelling_Blade_icon.webp"}}, {"model": "default_dota_app.item", "pk": 17, "fields": {"item_name": "Diffusal Blade", "item_description": "An enchanted blade that allows the user to cut straight into the enemy's soul.", "img": "items/Diffusal_Blade_1_icon.webp"}}, {"model": "default_dota_app.item", "pk": 18, "fields": {"item_name": "Maelstrom", "item_description": "A hammer forged for the gods themselves, Maelstrom allows its user to harness the power of lightning.", "img": "items/Maelstrom_icon.webp"}}, {"model": "default_dota_app.item", "pk": 19, "fields": {"item_name": "Monkey King Bar", "item_description": "A powerful staff used by a master warrior.", "img": "items/Monkey_King_Bar_icon.webp"}}, {"model": "default_dota_app.item", "pk": 20, "fields": {"item_name": "Skull Basher", "item_description": "A feared weapon in the right hands, this maul's ability to shatter the defenses of its opponents should not be underestimated.", "img": "items/Skull_Basher_icon.webp"}}, {"model": "default_dota_app.item", "pk": 21, "fields": {"item_name": "Aghanim's Scepter", "item_description": "The scepter of a wizard with demigod-like powers.", "img": "items/Aghanim27s_Scepter_icon.webp"}}, {"model": "default_dota_app.itemwrapper", "pk": 3, "fields": {"stage": 4, "item": 6, "item_wrapper_explanation": ""}}, {"model": "default_dota_app.itemwrapper", "pk": 4, "fields": {"stage": 4, "item": 8, "item_wrapper_explanation": ""}}, {"model": "default_dota_app.itemwrapper", "pk": 5, "fields": {"stage": 5, "item": 9, "item_wrapper_explanation": ""}}, {"model": "default_dota_app.itemwrapper", "pk": 6, "fields": {"stage": 5, "item": 5, "item_wrapper_explanation": ""}}, {"model": "default_dota_app.itemwrapper", "pk": 7, "fields": {"stage": 6, "item": 10, "item_wrapper_explanation": ""}}, {"model": "default_dota_app.itemwrapper", "pk": 8, "fields": {"stage": 6, "item": 7, "item_wrapper_explanation": ""}}, {"model": "default_dota_app.itemwrapper", "pk": 9, "fields": {"stage": 6, "item": 1, "item_wrapper_explanation": ""}}, {"model": "default_dota_app.itemwrapper", "pk": 10, "fields": {"stage": 6, "item": 11, "item_wrapper_explanation": ""}}, {"model": "default_dota_app.itemwrapper", "pk": 12, "fields": {"stage": 7, "item": 8, "item_wrapper_explanation": ""}}, {"model": "default_dota_app.itemwrapper", "pk": 13, "fields": {"stage": 7, "item": 5, "item_wrapper_explanation": ""}}, {"model": "default_dota_app.itemwrapper", "pk": 14, "fields": {"stage": 8, "item": 9, "item_wrapper_explanation": ""}}, {"model": "default_dota_app.itemwrapper", "pk": 15, "fields": {"stage": 8, "item": 7, "item_wrapper_explanation": ""}}, {"model": "default_dota_app.itemwrapper", "pk": 16, "fields": {"stage": 9, "item": 1, "item_wrapper_explanation": ""}}, {"model": "default_dota_app.itemwrapper", "pk": 17, "fields": {"stage": 10, "item": 12, "item_wrapper_explanation": "починаєш рухатись"}}, {"model": "default_dota_app.itemwrapper", "pk": 18, "fields": {"stage": 11, "item": 13, "item_wrapper_explanation": "можеш робити хоч якісь муви по карті"}}, {"model": "default_dota_app.itemwrapper", "pk": 19, "fields": {"stage": 12, "item": 1, "item_wrapper_explanation": "Дозволяє реально гнути і не дохнути"}}, {"model": "default_dota_app.itemwrapper", "pk": 20, "fields": {"stage": 11, "item": 12, "item_wrapper_explanation": ""}}, {"model": "default_dota_app.itemwrapper", "pk": 21, "fields": {"stage": 12, "item": 13, "item_wrapper_explanation": ""}}, {"model": "default_dota_app.itemwrapper", "pk": 22, "fields": {"stage": 12, "item": 12, "item_wrapper_explanation": ""}}, {"model": "default_dota_app.itemwrapper", "pk": 23, "fields": {"stage": 13, "item": 8, "item_wrapper_explanation": "If enemies right-click hard go under tower and use this. Optional: have a support who prepared one for you."}}, {"model": "default_dota_app.itemwrapper", "pk": 24, "fields": {"stage": 13, "item": 6, "item_wrapper_explanation": "Spam stun and clarity will help with that"}}, {"model": "default_dota_app.itemwrapper", "pk": 25, "fields": {"stage": 13, "item": 12, "item_wrapper_explanation": "Speed"}}, {"model": "default_dota_app.itemwrapper", "pk": 26, "fields": {"stage": 14, "item": 11, "item_wrapper_explanation": "For farm"}}, {"model": "default_dota_app.itemwrapper", "pk": 27, "fields": {"stage": 15, "item": 1, "item_wrapper_explanation": "Fat"}}, {"model": "default_dota_app.itemwrapper", "pk": 28, "fields": {"stage": 14, "item": 1, "item_wrapper_explanation": "Fat"}}, {"model": "default_dota_app.itemwrapper", "pk": 29, "fields": {"stage": 15, "item": 1, "item_wrapper_explanation": "Fat"}}, {"model": "default_dota_app.itemwrapper", "pk": 30, "fields": {"stage": 16, "item": 14, "item_wrapper_explanation": "Stasts Stasts Stasts Stasts Stasts Stasts Stasts Stasts Stasts Stasts Stasts Stasts Stasts Stasts Stasts Stasts Stasts Stasts Stasts Stasts Stasts Stasts Stasts Stasts Stasts Stasts Stasts Stasts Stasts Stasts Stasts Stasts Stasts Stasts Stasts"}}, {"model": "default_dota_app.itemwrapper", "pk": 31, "fields": {"stage": 16, "item": 14, "item_wrapper_explanation": "Stats Stats Stats Stats Stats Stats Stats Stats Stats Stats Stats Stats Stats Stats Stats Stats Stats Stats Stats Stats Stats Stats Stats Stats Stats Stats Stats Stats Stats Stats Stats Stats Stats Stats Stats Stats Stats Stats Stats Stats Stats Stats Stats Stats"}}, {"model": "default_dota_app.itemwrapper", "pk": 32, "fields": {"stage": 16, "item": 14, "item_wrapper_explanation": "Stats Stats Stats Stats Stats Stats Stats Stats Stats Stats Stats Stats Stats Stats Stats Stats Stats Stats Stats Stats Stats Stats Stats Stats Stats Stats Stats Stats Stats Stats Stats Stats Stats Stats Stats"}}, {"model": "default_dota_app.itemwrapper", "pk": 33, "fields": {"stage": 16, "item": 15, "item_wrapper_explanation": "Heal Heal Heal Heal Heal Heal Heal Heal Heal Heal Heal Heal Heal Heal Heal Heal Heal Heal Heal Heal Heal Heal Heal Heal Heal"}}, {"model": "default_dota_app.itemwrapper", "pk": 34, "fields": {"stage": 17, "item": 12, "item_wrapper_explanation": "Speed Speed Speed Speed Speed Speed Speed Speed Speed Speed Speed Speed Speed Speed Speed Speed Speed Speed Speed Speed Speed Speed Speed Speed Speed Speed Speed Speed Speed Speed Speed Speed Speed"}}, {"model": "default_dota_app.itemwrapper", "pk": 35, "fields": {"stage": 17, "item": 17, "item_wrapper_explanation": "Damage Damage Damage Damage Damage Damage Damage Damage Damage Damage Damage Damage Damage Damage Damage Damage Damage Damage Damage Damage Damage Damage Damage Damage Damage Damage Damage Damage Damage Damage Damage Damage Damage Damage"}}, {"model": "default_dota_app.itemwrapper", "pk": 36, "fields": {"stage": 17, "item": 18, "item_wrapper_explanation": "Farm Farm Farm Farm Farm Farm Farm Farm Farm Farm Farm Farm Farm Farm Farm Farm Farm Farm Farm Farm Farm Farm Farm Farm Farm Farm Farm"}}, {"model": "default_dota_app.itemwrapper", "pk": 37, "fields": {"stage": 16, "item": 16, "item_wrapper_explanation": "Farm Farm Farm Farm Farm Farm Farm Farm Farm Farm Farm Farm Farm Farm Farm Farm Farm Farm Farm Farm Farm Farm Farm Farm Farm Farm"}}, {"model": "default_dota_app.itemwrapper", "pk": 38, "fields": {"stage": 18, "item": 12, "item_wrapper_explanation": ""}}, {"model": "default_dota_app.itemwrapper", "pk": 39, "fields": {"stage": 18, "item": 19, "item_wrapper_explanation": ""}}, {"model": "default_dota_app.itemwrapper", "pk": 40, "fields": {"stage": 18, "item": 20, "item_wrapper_explanation": ""}}, {"model": "default_dota_app.itemwrapper", "pk": 41, "fields": {"stage": 18, "item": 21, "item_wrapper_explanation": ""}}, {"model": "default_dota_app.itemwrapper", "pk": 42, "fields": {"stage": 18, "item": 11, "item_wrapper_explanation": ""}}, {"model": "default_dota_app.itemwrapper", "pk": 43, "fields": {"stage": 18, "item": 18, "item_wrapper_explanation": ""}}, {"model": "default_dota_app.skill", "pk": 1, "fields": {"hero": 8, "skill_name": "Berserker's Call", "skill_description": "Axe taunts nearby enemy units, forcing them to attack him while he gains bonus armor during the duration.", "max_points": 4, "img": "skills/axe_berserkers_call_6IyrzWe.png", "skill_order": 1}}, {"model": "default_dota_app.skill", "pk": 2, "fields": {"hero": 8, "skill_name": "Battle Hunger", "skill_description": "Enrages an enemy unit, causing it to take damage over time until it kills another unit or the duration ends. The damage is increased by a factor of Axe's armor. The enemy is also slowed as long as they are facing away from Axe.", "max_points": 4, "img": "skills/axe_battle_hunger_mW97byV.png", "skill_order": 2}}, {"model": "default_dota_app.skill", "pk": 3, "fields": {"hero": 8, "skill_name": "Counter Helix", "skill_description": "After a set number of attacks, Axe will perform a helix counter attack, dealing pure damage to all nearby enemies.", "max_points": 4, "img": "skills/axe_counter_helix_rOJTO8i.png", "skill_order": 3}}, {"model": "default_dota_app.skill", "pk": 4, "fields": {"hero": 8, "skill_name": "Culling Blade", "skill_description": "Axe spots a weakness and strikes, dealing pure damage. When an enemy hero is killed with Culling Blade, its cooldown is reset, and all nearby allied units gain bonus movement speed and armor.", "max_points": 3, "img": "skills/axe_culling_blade_riKrexG.png", "skill_order": 4}}, {"model": "default_dota_app.skill", "pk": 5, "fields": {"hero": 44, "skill_name": "Swashbuckle", "skill_description": "Vector Targeted. Pangolier dashes along the target line, then slashes all enemies in the drawn direction with several quick swipes.", "max_points": 4, "img": "skills/Swashbuckle_icon.webp", "skill_order": 1}}, {"model": "default_dota_app.skill", "pk": 6, "fields": {"hero": 44, "skill_name": "Shield Cash", "skill_description": "Pangolier jumps in the air and slams back to the ground in front of his current position, damaging and slowing all enemies in a radius. For each enemy hero hit, he gains an all damage shield for a short time.\r\n\r\nForward movement is maintained if Shield Crash is used while Rolling Thunder is active, and allows Rolling Thunder to clear walls or cliffs.", "max_points": 4, "img": "skills/Shield_Crash_icon.webp", "skill_order": 2}}, {"model": "default_dota_app.skill", "pk": 7, "fields": {"hero": 44, "skill_name": "Lucky Shot", "skill_description": "Pangolier rolls the dice and lets fate decide the outcome for his enemies. Grants a chance to drastically slow their attack speed and reduce armor on any damage dealt by Pangolier's attacks or abilities.", "max_points": 4, "img": "skills/pangolier_lucky_shot.png", "skill_order": 3}}, {"model": "default_dota_app.skill", "pk": 8, "fields": {"hero": 44, "skill_name": "Rolling Thunder", "skill_description": "Pangolier curls into a spell-immune ball and rolls out. When rolling, he moves at an increased speed and can move through trees, but has a decreased ability to turn. Striking enemies knocks them back, inflicting damage and stunning them when they land.\r\n\r\nColliding with walls or cliffs will cause a temporary pause while Pangolier reverses in direction.", "max_points": 3, "img": "skills/Rolling_Thunder_icon.webp", "skill_order": 4}}, {"model": "default_dota_app.skillbuild", "pk": 1, "fields": {"guide": 6, "skill_build_name": "Swashbckle max", "skill_build_description": "Swashbuckle is your main source of damage and escape", "display_order": 1}}, {"model": "default_dota_app.skillbuild", "pk": 2, "fields": {"guide": 6, "skill_build_name": "Lucky shot max", "skill_build_description": "blablabla", "display_order": 2}}, {"model": "default_dota_app.skillbuild", "pk": 3, "fields": {"guide": 2, "skill_build_name": "Через крутилку", "skill_build_description": "", "display_order": 1}}, {"model": "default_dota_app.skillorder", "pk": 1, "fields": {"skill_build": 1, "learning_order": 1, "skill": 5}}, {"model": "default_dota_app.skillorder", "pk": 2, "fields": {"skill_build": 1, "learning_order": 2, "skill": 6}}, {"model": "default_dota_app.skillorder", "pk": 3, "fields": {"skill_build": 1, "learning_order": 3, "skill": 5}}, {"model": "default_dota_app.skillorder", "pk": 4, "fields": {"skill_build": 1, "learning_order": 4, "skill": 6}}, {"model": "default_dota_app.skillorder", "pk": 5, "fields": {"skill_build": 3, "learning_order": 1, "skill": 3}}, {"model": "default_dota_app.skillorder", "pk": 6, "fields": {"skill_build": 3, "learning_order": 2, "skill": 1}}, {"model": "default_dota_app.skillorder", "pk": 7, "fields": {"skill_build": 3, "learning_order": 3, "skill": 3}}, {"model": "default_dota_app.skillorder", "pk": 8, "fields": {"skill_build": 3, "learning_order": 4, "skill": 1}}, {"model": "default_dota_app.skillorder", "pk": 9, "fields": {"skill_build": 3, "learning_order": 5, "skill": 3}}, {"model": "default_dota_app.skillorder", "pk": 10, "fields": {"skill_build": 3, "learning_order": 6, "skill": 4}}, {"model": "authtoken.token", "pk": "43ca96e3d57bbf731d72c35a84e7ed148fee1cb2", "fields": {"user": 1, "created": "2024-09-27T20:55:44.230Z"}}, {"model": "authtoken.token", "pk": "555aec662ebc55274aceb8b4cdc6eeb0119bdf37", "fields": {"user": 2, "created": "2024-09-27T20:57:11.433Z"}}]